,count
Commons,2460
joining,1517
Stack,1380
community,1334
helping,1329
us,1154
Thank,1061
past,997
work,927
retweeting,859
week!,850
mentioning,849
socials,849
spreading,845
message!,841
TEC,838
grow,809
TE,542
Token,499
Engineering,478
call,450
ğŸ™ğŸ¼ğŸŒ±,416
WG,345
Community,344
working,334
sync,325
great,314
amazing,309
Call,297
Comms,294
ğŸ’ªğŸ™,281
making,276
Simulator,270
awesome,270
time,258
much,239
last,239
attending,238
Hatch,233
week,231
Weekly,223
&,219
always,218
weekly,216
meeting,214
ğŸ™ğŸ¼â˜ºï¸,212
session,211
praise,211
soft,199
Gravity,199
share,196
discussion,187
today,187
Legal,184
sharing,182
hatch,179
gov,169
Sync,169
bringing,162
Forum,162
engaging,158
ğŸ™ğŸ¼,156
taking,152
project,152
coming,151
onboarding,148
new,146
week.,146
I,144
ğŸ™,144
donating,140
getting,139
learn!,138
(https://forum.tecommons.org),138
energy,132
supporting,127
cadCAD,127
continuing,126
hard,125
help,124
call!,123
Gitcoin,121
first,119
today!,118
contributions,115
feedback,114
support,109
Working,107
group,107
every,102
today's,99
thank,98
Onboarding,97
push,96
stewards,95
transparency,94
going,94
one,93
get,91
Group,89
hack,89
giving,88
things,87
finish,86
ğŸ™Œ,85
Thanks,85
book,85
many,84
ğŸ™‚,83
calls,82
It's,82
high,82
participating,82
leading,81
Transparency,81
showing,79
people,78
super,78
lot,77
We,76
Swiss,76
legal,76
value,75
MVV,75
Swarm,73
dashboard,73
Grant,72
params,72
thanks,71
good,71
presence,71
Outreach,71
hours,71
sessions,70
forward,70
issues,69
recording,69
see,69
ğŸ™ğŸ¼ğŸ˜Š,67
fun,66
ğŸ˜„,65
post,65
DAO,65
"@griff,",65
really,65
around,64
Discord,63
channel,62
âœ¨,62
you.,61
club,61
together,61
swarm,60
research,60
ğŸ™ğŸ¼ğŸŒŸ,60
ideas,59
forum,59
"@Tam2140,",59
line!!,58
done,58
Membership,58
Params,57
"@natesuits,",57
âš¡,57
Communications,57
Call.,56
Dashboard,55
bot,55
future,55
Thursday,55
efforts,54
Juan,54
focused,54
everything,54
cool,53
Praise,53
jumping,53
contributing,53
build,53
Source,53
yesterday,53
"@Juankbell,",53
content,53
audit,52
incredible,52
raise,51
AMA,51
survey,51
improve,50
progress,50
make,50
appreciate,50
setting,50
process,50
DAI,49
"@freedumbs00,",49
life,49
discussions,49
nice,49
Cred,49
"presence,",49
Goods,49
Public,49
outreach,48
economies!,48
team,48
"call,",48
functioning,48
Stewards,48
blog,48
"grant,",48
0,48
Iteration,48
"@Zeptimus,",48
also,48
"14,000",48
writing,47
better,47
lab,47
something,47
keeping,47
"@AmwFund,",46
everyone,46
commons,46
1hive,45
creating,45
yesterday!,45
comms,44
ğŸ™ğŸ¼ğŸ’«,44
influence,43
productive,43
care,42
today.,42
questions,42
putting,42
Suga,41
session!,40
server,40
feel,40
I'm,40
contracts,39
building,39
deep,39
talk,39
article,39
role,39
motivating,38
part,38
Praisegiving,38
different,38
hacking,38
call.,37
looking,37
Book,37
game!,37
Trusted,37
DApp,37
proposal,37
CS,37
reviewing,36
test,36
you!,36
effort,36
providing,36
gravity,36
growing,36
home!,36
important,35
Panvala,35
discord,35
memes,35
latest,34
wg,34
Club,34
huge,34
meetings,34
game,34
present,34
party,34
pushing,34
coordination,34
Seed,34
document,33
frontend,33
job,33
email,33
organization,33
Gardens,33
December!,33
experience,33
ready,33
community.,33
Hatcher,33
watch,32
realize,32
invite,32
it!,32
"unforgettable,",32
respect,32
Much,32
Soft,32
milestone,32
sprint,32
enlightening.,32
"gratitude,",32
admiration,32
tec,31
hatchers,31
offering,31
grant,31
sync.,31
play,31
sorry,31
possible,31
token,31
join,31
Hatchers,31
Fund,31
League,31
Gov,30
next,30
inviting,30
<#810180622634844202>,30
special,30
valuable,30
mission,30
beautiful,30
all!,30
design,29
reaching,29
thought,29
Grant...,29
btw...,29
completely,29
welcome,29
sesh,29
calls!,29
already,29
"much,",29
SourceCred,29
testing,29
study,29
;-D,29
ğŸ˜Š,29
adding,29
inputs,28
guys,28
video,28
documentation,28
vision,28
"calls,",28
best,28
ğŸ™ğŸ¼ğŸ’«ğŸŒˆ,28
"@Suga,",28
mindful,28
talented,28
website,28
hosting,28
ğŸ˜€,27
world.,27
2,27
"@mateodaza,",27
conversations,27
need,27
https://www.youtube.com/watch?v=ehhAVtQhLAs,27
people.,27
1,27
gitcoin,27
Graviton,27
end,26
open,26
active,26
tech,26
epic,26
late,26
"@metaverde,",26
"@liviade,",26
"@Vyvy-vi,",26
"@rodbot2,",26
@ğŸ™,26
"octopus,",26
whole,26
ğŸ™ŒğŸ½ğŸŒ±,26
biggest,26
insights,26
ğŸ™ğŸ¼ğŸ’«â¤ï¸,26
warm,26
Santi,26
interaction,26
reflections,26
difficult,26
weeks,26
human,26
energy!,26
6th,26
quality,26
much!,25
mutual,25
voting,25
training,25
â˜ºï¸,25
Dispute,25
proposals,25
"@santigs,",25
becoming,25
organizing,25
"@durgadas,",25
issue,25
Resolution,25
look,25
1h,25
day,25
ğŸ™ŒğŸ½,25
todays,24
DAOs,24
moving,24
reality.,24
https://www.youtube.com/watch?v=S8RQW7bF8Gk,24
For,24
take,24
Sem,24
https://www.youtube.com/watch?v=1CSQ6NwOwIE,24
enthusiasm,24
clarity,24
ğŸ™ŒğŸ½ğŸŒŸ,24
hope,24
today!!,24
morning,24
https://youtu.be/CArIX3rOvx0,24
finding,24
spend,23
paths,23
decentralized,23
Parameters,23
back,23
Association,23
SEO,23
background,23
Voting,23
answering,23
stuff,23
teamwork,23
well,23
commitment,23
quant,23
https://youtu.be/fvlttUshrbg,23
world,23
presentation,23
management,23
ecosystem,23
behind,22
Call!,22
weeks.,22
template,22
heâ€™s,22
give,22
Amazing,22
running,22
fire,22
Tam,22
even,22
starting,22
hatcher,22
You,22
contributions!,22
code,22
updating,22
improving,22
ğŸ™ŒğŸ½ğŸ˜,22
like,22
migration,22
support.,22
Hours,21
maintain,21
And,21
insightful,21
0mega,21
changes,21
opportunity,21
would,21
input,21
videos,21
here!,21
update,21
Jake,21
honor,21
almost,21
public,21
year,21
welcoming,21
focus,21
dive,21
spending,21
Great,20
collaboration,20
â¤ï¸,20
creative,20
perfect,20
ğŸ™ğŸ¼ğŸ™ŒğŸ½,20
guidance,20
terms,20
fantastic,20
log,20
go,20
3h,20
meeting!!,20
space,20
contribute,20
know,20
information,20
happen,20
inspiration,20
presenting,20
members,20
launching,19
dedication,19
handling,19
Impact,19
want,19
conversation,19
graviton,19
Gitbook,19
templates,19
âš¡ï¸,19
"motivation,",19
strong,19
https://youtu.be/z53DNjksGck,19
yesterdayâ€™s,19
bonding,19
governance,19
https://www.youtube.com/watch?v=NR9-ca0HqyA,19
https://www.youtube.com/watch?v=DhNRqaOw3ic,19
understand,19
parameter,19
documents,19
conflict,19
Jess,19
channel!,19
recently,19
values,19
ğŸŒ±,18
big,18
Sprint,18
coordinating,18
sync!,18
parameters,18
round,18
bookclub,18
proactive,18
us.,18
parties,18
put,18
yesterday's,18
Dapp,18
guide,18
Chuy,18
dish,18
planning,18
"week,",18
continued,17
Metafest,17
fixing,17
interacted,17
https://www.youtube.com/watch?v=_EFHuVU-Oc0,17
4h,17
inner,17
helpful,17
lit,17
accomplish,17
ğŸ¥³,17
knowledge,17
It,17
grounding,17
number,17
easy,17
wanted,17
love,17
trying,17
thoughts,17
happy,17
major,17
find,17
journey,17
"@chuygarcia92ğŸ,",17
Eduardo,16
Everything,16
humbleness,16
https://www.youtube.com/watch?v=WG5j9aC8mWg,16
stimulating,16
ğŸ˜‰ğŸ¤²,16
guiding,16
excellent,16
gave,16
release!,16
meme,16
master,16
"work,",16
stories,16
The,16
piece,16
tell,16
vote,16
"up,",16
2h,16
1st,16
rock,16
generation,16
page,16
magic,16
collaborations,16
efficient,16
dishing,16
smart,16
impact,16
designs,16
sure,16
Look,16
narratives,16
let,16
caring,16
groups,16
makes,16
bring,16
dApp,16
mind,16
providers,15
using,15
smiles,15
committee,15
Code,15
light,15
Looking,15
create,15
submitting,15
@willszal#6405,15
Gravitons,15
right,15
ğŸ’«,15
DAOs),15
vibes,15
week!!,15
17!,15
Github,15
dream,15
Mateo,15
stepping,15
think,15
november,15
ğŸŒŸğŸŒˆğŸŒŸ,15
Youtube,15
entertaining,15
SO,15
youtube,15
â­ï¸ğŸ¥°,15
dashboard...,15
medium,15
attendance,15
Sunday,15
weâ€™re,15
(Alternative,15
continue,15
contract,15
excited,15
send,15
agreements,15
user,15
helps,15
ğŸ’›ğŸŒ,15
@Sjdthree,15
interest,15
wg!,15
collaborate,15
room,15
"full,",15
together.,15
Miro,15
ğŸ™Œâ­ï¸ğŸ“šğŸ¤“,15
useful,15
flag,15
training.,15
involved,15
@dysbulic,15
updates,15
tremendous,14
set,14
single,14
jobs,14
TBP,14
recent,14
conduct,14
projects,14
"projects,",14
ğŸ™ğŸ¼ğŸ’«ğŸ™ğŸ¼,14
work!,14
without,14
scenes,14
finishing,14
merged,14
deploying,14
ğŸ™ğŸ¼ğŸŒŸâ¤ï¸,14
"Kewin,",14
multifaceted,14
topics,14
case,14
praise),14
times,14
still,14
"@AnnaMarieSwan,",14
culture,14
Zep,14
keep,14
curve,14
cyotee,14
Communications!,14
approach,14
"TEC,",14
ğŸ™ŒğŸ½ğŸ˜€,14
yesterday.,14
energy!!!,14
trainings,14
needs,14
bootcamp,14
communication,14
claiming,14
TEC's,14
gov!,14
release,14
questions!,14
technical,14
group!,14
thinking,14
ğŸ˜,14
Cagatio,14
"meeting,",14
model,14
assisting,14
listening,14
posts,14
ğŸ™ğŸ¼ğŸ™ğŸ¼ğŸ™ğŸ¼ğŸŒŸ,14
quickly,14
connector,14
DAO2DAO,14
despite,14
Telegram,14
beyond,14
"community,",14
ğŸŒˆ,14
visible,14
ğŸŒŸğŸŒŸğŸŒŸ,14
gardens,14
dive.,13
ğŸ™ğŸ¼â¤ï¸â¤ï¸â¤ï¸,13
sweet,13
dao,13
(sorry,13
POAPs,13
responsibilities,13
Common,13
could,13
everyone's,13
:D,13
sets,13
needed,13
it!!,13
restrospective,13
fascinating,13
Event,13
cracking,13
SoftGov,13
top,13
ğŸŠ,13
crazy,13
valued,13
overview,13
ğŸ’«â­ï¸ğŸ™Œâœ¨,13
!,13
Restrospective,13
way,13
(that,13
week).,13
7th,13
"POAP,",13
heroes,13
them.,13
path,13
happens,13
everyone!,13
ways,13
you!!,13
idea,13
introductory,13
Swag,13
especially,13
Wg,13
Config,13
ğŸ§®ğŸ™,13
lead,13
ğŸ’ªğŸ½,13
dropping,13
Planning,13
matter,13
Dandelion,13
communications,13
quick,13
"me,",13
sticking,13
Donors,13
dreamy!,13
managing,13
undertand,13
another,13
history,13
milestone!,13
made,13
TONIGHT!,13
https://sim.commonsstack.org/,13
got,13
America,13
ğŸ˜ƒ,12
related,12
"here,",12
little,12
âš¡ï¸ğŸ¤“,12
start,12
closing,12
"insights,",12
applications,12
everyday,12
smooth,12
contributor,12
"how,",12
volunteering,12
"experiences,",12
lives,12
encountering,12
"moment,",12
ones,12
oneself.,12
ğŸŒ,12
stronger,12
potential,12
tokenlog,12
responsibility,12
buddy,12
MEMES,12
sprintâš¡,12
silky,12
Spring,12
subject,12
"WG,",12
worked,12
hitting,12
brilliant,12
Appreciate,12
gather,12
ğŸ“šğŸ¤“,12
Bootcamp,12
ğŸ™ğŸ¼ğŸŒŸğŸŒŸğŸŒŸ,12
news,12
ğŸ™Œâš¡ï¸âœ¨,12
person,12
everywhere,12
3,12
ğŸ’›,12
editing,12
modeling,12
callâœ¨,12
use,12
standards,12
across,12
Everyone,12
ğŸŒŸğŸŒŸğŸŒŸâ¤ï¸,12
comments,12
Also,12
ğŸ™ğŸ¼ğŸ™ğŸ¼ğŸ™ğŸ¼ğŸ™ŒğŸŒŸğŸŒŸğŸŒŸ,12
week's,12
cheer,12
holiday,12
holding,12
call!!,12
learning,12
"today,",12
experts,12
6!,12
9,12
retrospective,12
contribution,12
"mission,",12
talking,12
"channel,",12
Conviction,12
UI,11
waterfall,11
art,11
check,11
personal,11
cultural,11
preparing,11
source,11
version,11
represented,11
"@chuygarcia92ğŸ,@Zeptimus,",11
ethical,11
https://medium.com/commonsstack/the-magic-behind-the-commons-simulator-part-1-game-flow-8fa2bed8437b,11
Griff's,11
land,11
AMAZING,11
double,11
professional,11
ğŸ£ğŸ™,11
ecosystem!,11
personally,11
generally.,11
ğŸ™ğŸ¼ğŸ™ğŸ¼ğŸ™ğŸ¼ğŸ˜ğŸ’«â¤ï¸ğŸŒˆ,11
hehe,11
onboard,11
â˜ºğŸ™,11
superpowers,11
AWESOME,11
call.ğŸŒ¾,11
highly,11
towards,11
S.,11
READY,11
chats,11
participation,11
definitely,11
Really,11
demo,11
fast,11
forgive,11
individuals,11
sense,11
"you,",11
person!,11
system,11
steps,11
backend,11
articles,11
implementation,11
coding,11
Paulo,11
gathering,11
enough,11
flow,11
continuous,11
Friday,11
interesting,11
Colombia,11
polishing,11
diving,11
"sorry,",11
countless,11
catching,11
IS,11
WHICH,11
â˜„,11
TO,11
here.,11
WITH!!!,11
(from,11
session.,11
1Hive,11
"questions,",11
PLAY,11
carrying,11
ğŸ¥ğŸ˜‚ğŸ¤²,10
we're,10
pretty,10
he's,10
learn,10
YGG,10
Weâ€™re,10
channels,10
purpose,10
celeste,10
visions,10
wearing,10
teaching,10
come,10
systems,10
chat,10
"Party,",10
logo,10
fascinated,10
ğŸ†,10
board,10
facilitating,10
âš¡ï¸ğŸ“š,10
started,10
champions!!,10
All,10
history!,10
rock!,10
6h,10
intrinsic,10
of.,10
basements,10
Session!,10
long,10
verification,10
Hack,10
inspiring,10
real,10
spec,10
application,10
Alternative,10
connecting,10
capes,10
rest,10
"post,",10
"Proposals,",10
implementing,10
ğŸ“œğŸ£ğŸ“–,10
HUGE,10
DANK,10
Saturday,10
posting,10
staying,10
/,10
upcoming,10
kickoff,10
notes,10
understanding,10
swag,10
said,10
ğŸ¤“ğŸ“šğŸŒ±,10
distribution,10
fix,10
basically,10
small,10
Test,10
dev,10
promoting,10
missed,10
ğŸ†,10
TEC.,10
Guides,10
uploading,10
introducing,10
informational,10
ğŸ˜ğŸ™Œâœ¨,10
ğŸ˜¬,10
ğŸ—³,10
ideas.,9
"productive,",9
there's,9
ğŸ„â€â™€ï¸,9
happens!,9
MetaFest,9
what's,9
ui,9
Marko,9
So,9
Max,9
ğŸ‰ğŸ¥³,9
asking,9
ringing,9
sem,9
models,9
recordings,9
engineering,9
ğŸ™Œâš¡ï¸âš¡ï¸âš¡ï¸,9
organized,9
plan,9
ever,9
document!!,9
documenting,9
month,9
Contributors,9
Seriously,9
speaking,9
"folks,",9
leadership,9
coffee,9
there!!,9
days,9
step,9
"line,",9
monitoring,9
frozen,9
Iâ€™m,9
hash,9
two,9
provoking,9
rallying,9
day!,9
week!!!,9
chuy,9
hour,9
structure,9
Conduct,9
sunday,9
Academy,9
review,9
screen,9
force,9
Garden,9
naming,9
ğŸ“œâ˜„,9
gitbook,9
Craig,9
since,9
poke,9
free,9
A,9
prepare,9
"missions,",9
wg.,9
goal,9
(Please,9
This,9
Giveth.io,9
tool,9
spaces,9
ğŸ™ğŸ½,9
funding,9
membership,9
discussions!,9
Giveth,9
values.,9
accountability,9
commenting,9
shared,9
QA,9
shoutout,9
anja;,9
"audit,",9
"llau,",9
action,9
dr,9
Ivy,9
"b,",9
coach,9
energyâš¡,9
common,9
productivity,9
section,9
contributing!,9
event,9
glad,9
ğŸ˜),9
seen,9
educating,9
app,9
deciding,9
thoughtful,9
demos,9
connections,9
communities,9
overall,9
sorting,9
read.,9
ğŸ™Œâœ¨ğŸ¤“,9
wonderful,8
"recording,",8
careful,8
course,8
place,8
might,8
Rush,8
workshop,8
ğŸ˜,8
killing,8
@Zeptimus@gabi,8
libraries,8
channel.,8
chapter,8
stability,8
details,8
move,8
computer,8
development,8
TEC!,8
Lauren,8
Twitter,8
community!,8
unnoticed,8
YouTube,8
Deep,8
server!,8
Content,8
Dive,8
panel,8
Distribution,8
done!,8
reading,8
itâ€™s,8
available,8
submit,8
Grants,8
simulator,8
eye,8
Channel,8
â­ï¸,8
turn,8
trust,8
access,8
months,8
Governing,8
tracking,8
improve.,8
"survey,",8
ğŸ™ˆ,8
surface,8
server),8
luuk,8
(couldn't,8
launch,8
commitments,8
beneficial,8
evolves,8
costumes,8
ğŸ’ª,8
ğŸ“œğŸ¤²,8
Discord!,8
Spec,8
record,8
rate.,8
completion,8
technology!,8
audits,8
incentives,8
goodies,8
"radius,",8
"communities,",8
Posts,8
These,8
adjacent,8
burning,8
"memes,",8
front,8
tools,8
online,8
bi-weekly,8
welcome.,8
+77,8
attention,8
year.,8
man,8
tasks,8
celebration,8
producing,8
works,8
success!,8
reveling,8
easier,8
space.,8
feed,8
review.,8
proud,8
Medium,8
harchers,8
Set-up,7
Kris.,7
C&D,7
Just,7
message,7
"from,",7
yet,7
ahead,7
tweets,7
brainstorming,7
conviction,7
"amazing,",7
side,7
paper,7
github,7
Vote,7
this!,7
Monday's,7
Digital,7
academic,7
Sunday!,7
release!!!!,7
backgrounds,7
designing,7
intro,7
Let's,7
house,7
Spanish,7
Gratitude,7
times.,7
20,7
eash,7
methods,7
sending,7
Blog,7
surely,7
ğŸ’«ğŸ’«,7
Log,7
deployment,7
market,7
5,7
work!!!,7
NFT,7
Zenhub,7
alot,7
initial,7
write,7
explaining,7
info,7
debugging,7
MEMES!,7
helpful.,7
difficulty,7
slowly,7
â€œGravityâ€,7
wrapping,7
gracias.,7
point,7
become,7
party!!,7
Muchas,7
co-created,7
centered,7
inconditional,7
ultimatelly,7
aid,7
after-office,7
relax,7
â˜•ï¸,7
club!,7
us!,7
computers,7
Sourcecred,7
How,7
Become,7
layers,7
communicating,7
"hard,",7
diverse,7
guest,7
goes,7
That,7
edits,7
toward,7
cadcad,7
Ethereum,7
encouraging,7
discussing,7
ğŸ£,7
series,7
installed,7
Livia,7
explain,7
Griff,7
Super,7
cool!,7
"Comms,",7
ğŸ˜‚,7
Very,7
finalizing,7
gives,7
PRs:,7
inspired,7
properly!,7
relationships,7
publishing,7
Mitch,7
subgraph,7
labs,7
carry,7
runoff,7
troubleshoot,7
close,7
peers,7
advice,7
Labs,7
complete,7
ideating,7
statistics,7
CSTK,7
specially,7
durgadas,7
activities,7
"Gravity,",7
away,7
powers,7
"organized,",7
with!,7
completing,7
filling,6
xdai,6
aragon,6
"videos,",6
workings,6
Here,6
IH,6
courses,6
High,6
Vitor,6
TokenLog,6
count,6
contributing.,6
representing,6
complex,6
BrightID,6
accountabilitğŸ™ğŸ»âš¡ï¸,6
hat,6
narrative,6
amount,6
tests,6
live,6
ğŸ”¥,6
@deleted-user,6
Some,6
caribe.eth,6
kicking,6
CRM,6
tomorrow,6
param,6
execute,6
detail,6
minutes,6
rolling,6
5h,6
half,6
Telegram),6
(also,6
reflexive,6
Your,6
along,6
data,6
deck,6
post!,6
Shawn,6
improvements,6
happening,6
...,6
awesome:,6
letting,6
https://medium.com/commonsstack/join-the-commons-stacks-trusted-seed-swiss-association-ed51a356cb6c,6
wanting,6
onboarded,6
connected,6
ass,6
ones!,6
genuine,6
curves,6
PM,6
tokens,6
Shop,6
rocking,6
Manu,6
bit,6
ABC,6
"there,",6
puts,6
bridging,6
Vyvy,6
critical,6
flows,6
:),6
leader,6
recorded,6
comms!,6
scholarship,6
ball,6
softgov,6
catch,6
ğŸ¥°,6
guys!,6
collaborating,6
glossary,6
dealt,6
praises,6
las,6
monring!,6
view,6
theyâ€™re,6
"@rdfbbx,",6
suggestions,6
components,6
draft,6
"@Kris,",6
Tokenlog,6
Enspiral,6
month!,6
repo,6
changing,6
weekâ€™s,6
thorough,6
database,6
up!,6
valueable,6
(research),6
Why,6
library,6
0Mega,6
"group,",6
training!,6
Jess),6
picking,6
"things,",6
direction,6
ğŸŒˆâœ¨ğŸ¥³,6
batch,6
PrimeDAO,6
agenda,6
mission-vision,6
branding,6
Sync.,6
weave,6
diagrams,6
telegram,6
able,6
"0Mega,",6
mile,6
sheet,6
track,6
driven,6
tec-ui,6
constant,6
Nate,6
connection,6
actual,6
soft-launch,6
though,6
soooo,5
member,5
connect,5
within,5
patience,5
Lab,5
sheâ€™s,5
refine,5
Baartch,5
full,5
spreadsheet,5
Kris,5
come.,5
close!!,5
line!,5
contributors,5
sooooo,5
migrating,5
hatcher-facing,5
tomorrow's,5
following,5
Blockchain!,5
meeting!,5
pleasure,5
rock!ğŸ¤ŸğŸ»,5
In,5
Frontiers,5
"together,",5
stewarding,5
Part,5
queries,5
discuss,5
lucky,5
grateful,5
epics,5
tackle...,5
thinking!,5
ğŸ”¥ğŸ”¥ğŸ”¥,5
ecological/regenerative,5
participate,5
date,5
"us,",5
name,5
shop,5
reach,5
ğŸ‘,5
"onboarding,",5
(I,5
P2P,5
Decentralized,5
praise!,5
Giveth!,5
checking,5
"Gitbook,",5
MILESTONE!,5
process!,5
thatâ€™s,5
interviews,5
decision,5
todayâ€™s,5
python,5
@sembrestels,5
campaigns,5
created,5
Hampshire,5
Outstanding,5
tree,5
Help,5
4,5
order,5
Donation,5
well-being,5
ğŸ‘©â€ğŸ‘©â€ğŸ‘¦â€ğŸ‘¦,5
brings,5
holistic,5
kick,5
time!,5
Conflict,5
min,5
organizational,5
ğŸ™ŒğŸ¥³ğŸ’«,5
expansion,5
everybody,5
platforms,5
interactive,5
busy,5
!praise,5
interested,5
ğŸ¥³ğŸ™ŒğŸŒŸ,5
heros,5
heart,5
academy,5
early,5
PR,5
in!,5
focusing,5
https://forum.tecommons.org/t/tec-test-hatch-implementation-specification/226,5
10h,5
speed,5
"process,",5
ETHDenver,5
users,5
establishing,5
phase,5
Week,5
link,5
swiss,5
Edu,5
@PronoiağŸ™#2154,5
@Leanne#9678,5
chaos,5
ğŸŒŸ,5
willing,5
Models,5
thoughtfulness,5
Paula,5
script,5
social,5
Hat!!!,5
#CSLove,5
"Eduardo,",5
SOOOOON!!!,5
ETH,5
show,5
initiating,5
Welcome,5
Celeste,5
add,5
accepting,5
ğŸ™ğŸ¼ğŸ˜,5
"video,",5
Conduct!,5
hatcher!,5
Team,5
spinning,5
Philosophy,5
"session,",5
wiki,5
Dan,5
endless,5
develop,5
tireless,5
What,5
Discord.,5
"time,",5
dandelion,5
powering,5
Training,5
deciphering,5
comes,5
manifesto,5
enlightening,5
Durgadas,5
recorded),5
platform,5
(i,5
ğŸ™ŒğŸ™ŒğŸ™Œ,5
extra,5
ground,5
apostrophe,5
solid,5
"hosting,",5
Security,5
AMA!,5
process.,5
"editing,",5
clear,5
transition,5
weaving,5
session!!,5
"presenting,",5
âš¡ï¸ğŸ™Œ,5
informative,5
form,5
Praise-bot,5
"energy,",5
configuration,5
integral,5
cat,4
constantly,4
perspective,4
"Jake,",4
ğŸ“,4
welcome!,4
"terms,",4
skill,4
developing,4
opportunities,4
",",4
project.,4
media,4
deployed.,4
honeypot,4
joined,4
cannot,4
Tamara,4
8h,4
whatâ€™s,4
:,4
forward!,4
highlights,4
ğŸ¤ŸğŸ»,4
D2D,4
simulator!,4
ladies,4
allow,4
recording!,4
blog!,4
presentations,4
issues.,4
"params,",4
hardwork,4
Apostrophe,4
spirit,4
gets,4
repping,4
options,4
second,4
felt,4
powerful,4
reasons,4
goals,4
interview,4
bugfixes,4
finished,4
predisposition,4
cross,4
fund,4
OWG,4
points,4
reason,4
scope,4
bot's,4
antifragle,4
"resilient,",4
used,4
tailor,4
democracy,4
You're,4
holidays,4
anything,4
practices,4
bridge,4
do?,4
simple.,4
amazingly,4
follow,4
integration,4
Open,4
https://github.com/TECommons/Token-Log-Hatch-Params/issues,4
Engineering!!!,4
results,4
site,4
word,4
"Giveth,",4
ğŸ™ŒğŸ’«,4
"training,",4
Advancing,4
power,4
initiative,4
quantification,4
stellar,4
1.5,4
Association!,4
Stack's,4
EASY,4
SWAT,4
engage,4
progress:,4
"on,",4
line....,4
driving,4
Glossary,4
reward,4
(with,4
sprint!,4
MVV's,4
newsletter,4
identifying,4
maker,4
"everyone,",4
final,4
relevant,4
requests,4
"feelings,",4
survey!,4
working?,4
brainstorm,4
assist,4
including,4
playlists,4
Nice,4
provided,4
Management,4
deploy,4
improvised,4
"do,",4
Store,4
looks,4
syncing,4
identity,4
ğŸ¦…ğŸ¤¸ğŸ»,4
fruitful,4
helped,4
success,4
do.,4
head,4
solutions,4
tribute,4
Itâ€™s,4
today!!!,4
graph,4
Bot,4
generosity,4
30,4
readings,4
streamline,4
Teams,4
discovering,4
CPD!,4
"forum,",4
principles,4
Meme,4
"Hatch,",4
"everything,",4
website.,4
simulation,4
party!!!,4
it.,4
warmth,4
"design,",4
eduardovegapTam2140,4
"Chuy,",4
evolution,4
mostly,4
steward,4
additional,4
integrating,4
ğŸ¥³ğŸ™ŒğŸ™ğŸ¼ğŸ’«,4
activity!!,4
bug,4
Yayy!,4
capturing,4
Merge-to-Master,4
brought,4
thoughtfully,4
calls.,4
philosophy,4
50%,4
Humberto,4
read,4
passion,4
dapp,4
leads,4
problem,4
simply,4
feature,4
ğŸ”¥ğŸš’ğŸ™.,4
really.,4
Impressive,4
this.,4
Forest,4
reminding,4
wisdom,4
ğŸ™ğŸ¼âš¡ï¸,4
research!,4
gear,4
Runoff,4
general,4
hot,4
credit,4
puppy,4
enough!,4
servers,4
->,4
TEST,4
yesterdays,4
pioneering,4
Pending,4
models),4
massive,4
ongoing,4
total,4
conducting,4
items,4
Paul,4
responsive,4
insight,4
Blockscout,4
mechanisms,4
ğŸ™ğŸ¼ğŸŒŸğŸ™ğŸ¼,4
successful,4
(proposal,4
inverter,4
joinging,4
friend,4
revenue,4
beginning,4
tips,4
"@eduardovegap,",4
CSLOVE,4
Score,4
coordinate,4
communicate,4
area,4
blockchain,4
bots,4
IHT,4
verifying,4
Template,4
Ostromâ€™s,4
"ETHDenver,",4
center,4
bottom,4
tldr,4
Heater,4
PR:,4
"@paul2,",4
request,4
"cool,",4
curiosity!,4
"talented,",3
Monday,3
regenerative,3
"@ddan,",3
behalf,3
funding.,3
Roadmap,3
catalyzing,3
"contributions,",3
powers),3
gonna,3
https://www.youtube.com/watch?v=HKPkH-wbG8k,3
groovy,3
processes,3
1on1,3
"out,",3
admire,3
messages,3
ğŸ™ğŸ¼ğŸ˜˜ğŸŒŸ,3
nate,3
pulling,3
"club,",3
https://medium.com/token-engineering-commons/spork-marmots-tec-public-goods-new-member-perspectives-reaching-out-while-looking-in-1b6869f3cddc,3
analyzing,3
night,3
"people,",3
saying,3
spam,3
benefit,3
hand,3
ALL,3
Luna,3
lovely,3
"Seriously,",3
Josh,3
forum!,3
gitbook!,3
state,3
example,3
prep,3
time.,3
Education,3
conversations.,3
Project,3
deliverables,3
lost,3
voice,3
outside,3
ğŸ˜†,3
graphics,3
guys.,3
walkthrough,3
them!,3
video.,3
incorporating,3
zxczxc,3
closer,3
steady,3
wording,3
plugging,3
ğŸŒˆğŸ¥³,3
received,3
professionals,3
breaking,3
exchange,3
keen,3
cleaning,3
Comms!,3
listen,3
heads,3
keyboard,3
pitch,3
spearheading,3
generous,3
bridges.,3
"scenes,",3
partying,3
refreshing,3
education,3
workdays,3
funday,3
buidl,3
LeapDAO,3
"article,",3
intros,3
file,3
Gabi,3
interactions,3
accomplishments,3
glitch,3
"content,",3
-_-,3
fun!â¤ï¸,3
ğŸ‘€,3
jungle,3
ğŸ’«ğŸ’«ğŸ’«,3
afternoon.,3
infos,3
unbelievable,3
connector.,3
Hatch!,3
we'll,3
opening,3
im,3
governing,3
try,3
streamlining,3
converter,3
screens,3
Dao,3
organize,3
key,3
tomorrow!!,3
expertise,3
welcoming!,3
engaged,3
fixed,3
Wednesday's,3
ability,3
Sebnem,3
Zepti,3
studies,3
discourse,3
roles,3
tough,3
roadmap,3
utilizing,3
/server,3
AMA.,3
Production,3
Process,3
(CPD),3
visual,3
TS,3
engagement,3
ivy,3
executing,3
"help,",3
humor,3
crew,3
WGs,3
command's,3
met,3
champion,3
changed,3
Tech,3
@zeptimusQ,3
resources,3
blowing,3
Hatch.,3
True,3
modelling,3
photo,3
admirable,3
hackathon,3
stuff!!,3
superhero,3
xdai!,3
analysis,3
restoring,3
ğŸ™ğŸ¼ğŸ”¥,3
solution,3
Humanity,3
demo.,3
mock,3
include,3
"yet,",3
NEAR,3
"management,",3
Be,3
runoff!,3
crypto,3
family,3
Sometimes,3
Latin,3
help.,3
ğŸ™ğŸ¼ğŸ˜ğŸ’«,3
ğŸ¤­,3
mentioning/retweeting,3
haha,3
pollinating,3
timestamps,3
Chuys,3
lots,3
ğŸ˜ğŸ’«,3
insights.,3
puplish,3
"awesome,",3
engineers,3
pair,3
programming,3
Victor,3
deliver,3
wg0,3
praising,3
continuously,3
apostrophes,3
goods,3
fast!,3
solving,3
Ape,3
interface,3
bridges,3
instance!,3
ğŸ”¥ğŸ‡,3
Ethdenver,3
heard,3
forward.,3
event!,3
airdrop,3
paying,3
ago,3
xDai,3
callâš¡ï¸âš¡ï¸,3
standing,3
invaluable,3
sync-up,3
published,3
kindness,3
praisegiving,3
incredibly,3
ğŸ™ŒğŸ™ğŸ¼ğŸ™ğŸ¼ğŸ™ğŸ¼,3
updated,3
years,3
EthColombia,3
"Outreach,",3
Laurens,3
spanish,3
manage,3
u,3
donâ€™t,3
"done,",3
Tom,3
speak,3
necessary,3
logic,3
"day,",3
FAQs,3
drawing,3
<#810180622165213219>,3
workflow,3
"diagram,",3
hype,3
ğŸ¤—,3
clearing,3
suggesting,3
rage,3
quit,3
<#810180622165213222>,3
"campaign,",3
credentials,3
self,3
juggling,3
Fabi,3
recap,3
rate,3
conference,3
finally,3
learned,3
environment,3
indigenous,3
Kristoffer,3
security,3
several,3
âœ¨ğŸ¥³ğŸ™Œâš¡ï¸,3
"sesh,",3
"proposal,",3
captcha,3
disputable,3
https://forum.tecommons.org/t/the-hatch-tl-dr/272,3
grabbing,3
feeling,3
"board,",3
initializing,3
dynamics,3
forth,3
greater,3
ğŸ™Œ.,3
organice,3
reporting,3
validating,3
Network,3
"commons""",3
Skill,3
"""governing",3
sesions,3
feels,3
"background,",3
recorder,3
appreciated!,3
"doing,",3
"quant,",3
reality,3
hear,3
explainer,3
rad,3
pages,3
resources),3
unending,3
problems,3
solve,3
quantifying,3
heroesğŸŒŸ,3
#10!,3
âš¡ï¸âœ¨,3
ğŸ˜€ğŸ™ğŸ¼,3
response,3
cred,3
page.,3
strategy!,3
scenarios,3
compilation,3
slides,3
introduction,3
"journey,",3
"useful,",3
high-quality,3
Spec:,3
ğŸ¤©ğŸ”¥ğŸ”¥ğŸ”¥,3
grants!!!,3
added,3
error,3
trial,3
callâš¡ï¸ğŸ’«,3
"Tam,",3
rehearsal,3
skills,3
may,3
challenges,3
ğŸ™ğŸ¼ğŸ™ğŸ¼ğŸ™ğŸ¼ğŸ’«,3
machine,3
1Hive.,3
gravity.,3
great!,3
dress,3
ridiculously,3
tonight!,3
completed,3
https://token-engineering-commons.gitbook.io/tec-handbook/glossary,3
multiple,3
memes!!,3
Implementation,3
gotta,3
bearing,3
exciting,3
landing,3
rounds,3
glossary...,3
https://docs.google.com/document/d/1v8rCByLYQrpyaLRXW5v0ZSPD5gecu-G1B99FMrcnSOw/edit,3
metrics,3
Website,3
whatever,3
FAQ,3
with.,3
ğŸ”¥ğŸ™Œ,3
https://17dmcreative.com/dao-discussions,3
DAO/Commons,3
configuring,3
relationship,3
odds,3
visualizations,3
intuitive,3
energyâš¡ï¸,3
pieces.,3
swift,3
modules,3
defying,3
environmental,3
bad,3
Ocean,3
Vyvy),3
web3,3
curiosity,3
governance!,3
else,3
Dacade,3
desire,3
Tokenlog!,3
1on1s,3
"Quantifiers,",3
"Cred,",3
theTEC,3
article!,3
Love,3
humanity,3
discord!,3
handles,3
change,3
"before,",3
earns,2
zenhub,2
perspectives,2
Case,2
concept,2
soon,2
(on,2
Study,2
keybase,2
missing,2
lectures,2
display,2
"APY,",2
(he,2
"momentum,",2
TE.,2
https://medium.com/token-engineering-commons/your-economy-your-choice-v2-4f7c9fb42d99,2
issue.,2
better!,2
potential.,2
low,2
outstanding,2
acknowledging,2
discussed,2
too!,2
Humberto!,2
h,2
Pandemics,2
https://stakes.social/0xFa38Fc50e055CBE88Bd569eddCcE057999B2BC9C,2
Fight,2
yous,2
ğŸ˜ğŸ™Œ,2
blogpost!,2
APY,2
branding/design/deliverables,2
ğŸŒ,2
wizardry,2
Good,2
Marko),2
GG,2
waiting,2
gods,2
funny,2
latenight,2
agendas,2
hacksesh!,2
"good,",2
tail,2
solidity,2
improv,2
Honeyswap,2
ğŸ™ğŸ¼ğŸ˜ğŸŒŸ,2
landmark,2
grace,2
need.,2
feedback.,2
earn,2
ğŸ™ŒğŸ™ğŸ¼ğŸ’«,2
â˜º,2
converter.,2
Party,2
He,2
"bot,",2
1hive!,2
"documentation,",2
side-by-side,2
12h,2
never,2
friendship,2
GIFs,2
touching,2
relational,2
hive,2
can't,2
tremendously,2
fresh-eyed,2
exist,2
JJ,2
fall,2
https://forum.tecommons.org/t/hatch-exchange-rate/190,2
availability,2
collaborative,2
delightful,2
effective,2
ğŸ™ŒğŸ™Œ,2
fellas,2
creation.,2
offline,2
"well,",2
images,2
animation,2
figma,2
"quick,",2
"dApp,",2
thing,2
"sometimes,",2
illustrations,2
todayğŸ¤˜,2
ğŸ™ŒğŸ™ŒğŸ™,2
calm,2
miro,2
"Training,",2
difference.,2
math.,2
videos!,2
Metaspace,2
depoyed,2
twitter,2
particular,2
thread,2
workload,2
transparent.,2
immediately,2
Know,2
manager,2
block,2
ğŸŒŸğŸŒŸğŸŒŸâ¤ï¸ğŸŒˆ,2
regeneration,2
"issues,",2
foundation,2
reprogramming,2
https://project-ark.co/,2
Ark,2
sent,2
Deployment,2
ui.,2
mechanism,2
Z's,2
merging,2
Media,2
fe,2
Networks,2
asset,2
desk/comms,2
ğŸ™ŒğŸ¥³,2
hero,2
intentions,2
Feel,2
mountains,2
skipped,2
gym,2
present!),2
ğŸ¤¯,2
Forum.,2
callâœ¨âš¡ï¸,2
"Sem,",2
I've,2
mappings,2
fronts!,2
testing.,2
resolution,2
CV,2
whats,2
refresh,2
bright,2
bugfix,2
notification,2
ok?,2
introduce,2
About,2
Need,2
agreeing,2
couple,2
"Discord,",2
3hrs,2
defi,2
modal,2
trot!,2
maintaining,2
facilitation,2
stack,2
(swag),2
there.,2
"Groups,",2
level,2
roomâœ¨,2
contacts,2
enthusiastic,2
strengthens,2
"present,",2
ğŸ˜‰,2
tackling,2
remaining,2
consistency,2
writer,2
WG.,2
means,2
Foundation,2
"document,",2
ğŸ§¢,2
subdomain,2
promotion/Tweets/graphics,2
MetaFest!,2
ğŸ™ŒğŸ™ğŸ¼,2
Nate!!!,2
(passing,2
anyone,2
Spirit,2
published!,2
"Stewards,",2
grammar,2
projects.,2
Trustlines,2
invisible,2
drop,2
ğŸ› ,2
birthday,2
diagram,2
(tonga,2
"subgraph,",2
https://github.com/TECommons/coordination/issues/408,2
co-facilitator!,2
upgrade,2
course!,2
improvement,2
navigate,2
giver,2
asked,2
"touches,",2
(TEC,2
found,2
appreciated.,2
that!,2
"love,",2
responding,2
language,2
things.,2
fresh,2
sensitivity,2
UX,2
deserve,2
practice,2
leaders,2
educational,2
instead,2
experiments,2
teams,2
Stack/TEC!,2
Stake,2
#defi4good,2
coolest,2
pinning,2
Stack],2
[The,2
"vision,",2
[TEC],2
field,2
also...,2
accounts,2
spirals/integral,2
"hours,",2
5-6,2
oriented,2
ğŸ™Œâš¡ï¸,2
IDE,2
"Economy,",2
limit,2
badass,2
front-end,2
praise.,2
formula,2
wild,2
skinning,2
text,2
â€”,2
14hrs,2
"bugs,",2
(and,2
exercise,2
Madrid,2
architects,2
https://github.com/TECommons/impact-hours-app/pull/1,2
https://youtu.be/8918czhyAoQ,2
video!,2
pattern!,2
"Engineering,",2
hanging,2
party's,2
airdropping,2
orgainzed,2
testing!,2
Praisemas!,2
app:,2
"parameters,",2
Server,2
question,2
interfaces,2
chart,2
humility,2
Our,2
task,2
legible,2
hatch!,2
instantly,2
rabbit,2
aragon-ui,2
pieces,2
appreciated,2
ask,2
questions.,2
Its,2
Nico,2
hole!,2
graphic,2
AdriÃ ,2
"Craig,",2
kewin,2
builder,2
Simulation,2
favorite,2
locked,2
callğŸ™,2
âœ¨âš¡ï¸ğŸ™Œ,2
regen,2
Trojan,2
club.,2
requirements,2
three,2
"Simulator,",2
Major,2
ecosystems,2
"practice,",2
Tweet,2
links,2
honey-pot,2
ğŸ¥·ğŸ½,2
markets,2
decentralizing,2
recommendations,2
"everywhere,",2
revolution,2
group.,2
ğŸ•ºğŸ»ğŸ’ƒğŸ»!!!,2
host,2
honest,2
monitoring.,2
Design,2
"does,",2
https://medium.com/token-engineering-commons/transparency-in-daos-999b17b0ff74,2
metadata,2
now.,2
Quant,2
Social,2
shceduling,2
Hand-off,2
"code,",2
momentum.,2
economic,2
beautifully,2
"Club,",2
"Commons,",2
"initiative,",2
tech!,2
UBI,2
ğŸ˜ŠğŸ™ğŸ¼,2
Ethics,2
Epic,2
ğŸ™ŒğŸ½ğŸ™ŒğŸ½ğŸ™ŒğŸ½,2
ecosystem.,2
time!!,2
watching,2
"presentation,",2
Seed!,2
traditions,2
"it,",2
party!,2
"presentations,",2
"Monday,",2
"uploads,",2
two!,2
ğŸ™ŒğŸ‘,2
correcting,2
rockin,2
man!,2
Denver!!!,2
ğŸ”¥ğŸŒˆğŸŒŸ,2
"recordings,",2
To,2
Wg.,2
groups.,2
criteria/checklist,2
tutorial,2
projects!,2
Wednesday,2
Proof,2
ethics,2
"issue,",2
Have,2
Office,2
consciousness,2
https://www.notion.so/D2D-Community-Report-Phase-I-396f5d1935a94108989da8e8cb322f6f,2
report:,2
luck,2
primitives,2
setup,2
Welcome!,2
interoperable,2
Please,2
doc,2
notifications,2
hi,2
carefully,2
pc,2
touch,2
issues!,2
edit,2
speaker,2
start!,2
fundraising,2
safes,2
in.,2
willingness,2
thereğŸ¥°,2
short,2
House,2
"build,",2
sorted,2
(soon,2
Netlify,2
(we,2
delicious.,2
Research,2
box,2
remove,2
Dashboard),2
diversity,2
permissions,2
bots.,2
conflicts,2
onboarding.,2
crucial,2
sunday!ğŸ”¥,2
measure,2
improved,2
"coordination,",2
T&C,2
ğŸ™ğŸ¼ğŸ™ğŸ¼ğŸ™ğŸ¼ğŸŒˆ,2
brand,2
step-by-step,2
"implementation,",2
there!,2
ğŸŒ´ğŸª“,2
understory,2
impromptu,2
Took,2
Simulator!!,2
full-spanish,2
"stuff,",2
supportive,2
reasonable,2
complexity,2
(the,2
"fun,",2
moderating,2
post/s,2
participate!,2
home,2
audit.,2
simple,2
dive!,2
"humor,",2
"Santi,",2
piece!,2
article.,2
contact,2
workshops,2
inspiring.,2
redemptions,2
Santis,2
this1,2
ADR,2
heartwarming,2
performance,2
paulo,2
fixes,2
"dao,",2
"scholarship,",2
https://github.com/1Hive/gardens/pull/32,2
@Tonga2020,2
curve.,2
"graph,",2
reimplementing,2
ğŸ™ŒğŸŒŸ,2
step.,2
shit,2
SourceCred!,2
swag!,2
IRL,2
People,2
too.,2
Loie,2
often,2
convo.,2
"meal,",2
"meetup,",2
places,2
Sugas,2
moment,2
blown,2
Aragon,2
donation,2
weekend,2
kick-ass,2
"in,",2
layout,2
shop.,2
Hitchhiker's,2
repo.,2
condut,2
1-1,2
Aidan,2
rockğŸ¤ŸğŸ»ğŸ˜,2
drafting,2
"(cadCAD,",2
"Ocean,",2
"Balancer,",2
spread,2
"course,",2
SecureSeco,2
actively,2
post.,2
Smart,2
consistently,2
wants,2
dev.,2
lawyer,2
"Jess,",2
ğŸ™ŒğŸ™âœ¨,2
gitlab,2
"file,",2
compose,2
"key,",2
"container,",2
docker,2
"droplet,",2
"no,",2
manifesting,2
"Heroko,",2
frontend/backend,2
unravel,2
Ludo,2
Ddan,2
We'll,2
contribute.,2
real.,2
praised,2
re-guiding,2
Thursday.,2
subgraphs,2
"blood,",2
zeptimus,2
ğŸ,2
"sweat,",2
tears,2
accessible,2
Adrian,2
Bea,2
typo,2
Regen,2
group1,2
"project,",2
"@mZ,",2
1:15,2
awesome!,2
Sparrow,2
defined,2
request!,2
vercel,2
cslove,2
"Gov,",2
Guide,2
timecodes,2
ğŸ‘ŒğŸ¼ğŸ˜,2
sprint.,2
2hs,2
"goals,",2
Here's,2
tec-hatch,2
indigenomics,2
economy,2
template.,2
main,2
theme,2
webinar,2
"sessions,",2
knowing,2
coordinator,2
Academy!!,2
Marie,2
Anna,2
publish,2
color-coded,2
YouTube!!!,2
Balancer,2
recommending,2
maybe,2
calendar,2
ğŸ™ğŸ¼ğŸ™ğŸ¼ğŸ™ğŸ¼ğŸ™Œ,2
dshop,2
kids,2
"again,",2
https://t.me/CommonsStack/13904,2
See,2
@edu,2
parenting,2
votes,2
biweekly,2
doubts,2
vesting,2
visualization,2
stirring,2
picture,2
me!,2
timer,2
45,2
"always,",2
fronts,2
upload,2
partner,2
recorders,2
fit,2
inter-relation,2
score,2
fees,2
brotha!,2
closely,2
ownership.,2
Fintech,2
material,2
outreach.,2
reviewed,2
constructive,2
provided.,2
"great,",2
friends,2
1-on-1,2
Tuesday,2
Karlos,2
pointing,2
Longtail,2
"her,",2
glue,2
keeps,2
1Hive's,2
house.,2
roll,2
Suga),2
"panel,",2
wealth,2
"experience,",2
non-stop,2
Im,2
championing,2
"space,",2
"person,",2
talks!!,2
organizers,2
icebreaker,2
TEC:,2
living,2
figuring,2
cadCAD_Edu,2
"ready,",2
thats,2
advances,2
happened,2
here's,2
one-on-one,2
praises!!!!,2
TRIPPLE,2
philosophical,2
proud!!,2
work!!!!,2
straight,2
program,2
diagramming,2
answer,2
en,2
espaÃ±ol!,2
advancing,2
positive,2
months.,2
out!,2
"care,",2
"rich,",2
PDF,2
initiatives,2
@,2
notify,2
turning,2
Birthday!,2
publication,2
dealing,2
wise,2
10,2
journey.,2
mood,2
perhaps,2
Extra,2
"study,",2
removed,2
large,2
decide,2
approaching,2
please,2
scoop,2
financial,2
AMAs,2
expand,2
talks,2
spirits,2
soul,2
ğŸ§™ğŸ½â€â™‚ï¸,2
notice,2
participated,2
narratives!,2
Marketplace,2
demo!,2
"team,",2
foundations,2
mathematical,2
laying,2
"tests,",2
allowing,2
things!,2
took,2
covering,2
graphs,2
"knowledge,",2
"values,",2
professionalism,2
trot,2
vibes!,2
unfolding,2
deeper,2
walking,2
porposal,2
"side,",2
ğŸ™ğŸ› ğŸš€,2
https://twitter.com/cadCAD_Edu/status/1387724601233448966?s=20,2
invitingall,2
Gathering,2
based,2
various,2
Festival,2
bear,2
typeform,2
Mount,2
Climate,2
Greenlight,2
Clinton's,2
Crypto,2
Calls,2
Hillary,2
end.,2
"blockers,",2
"project-ark.co,",2
Carbonbase.co,2
https://twitter.com/HillaryClinton/status/1376943579663364097,2
commons.,2
Cultural,2
GIFT,2
fight,2
Metaverde,2
"Btw,",2
Kris.ğŸ˜‹,2
implemented,2
via,2
framing,2
edu,2
LATAM,2
incentiveless,2
ğŸ¤™,2
Alex,2
saturday,2
âš¡ï¸ğŸ™ŒğŸ’«,2
wich,2
Hubspot,2
LGJ,2
ğŸ¥³ğŸš€,2
emails,2
instance,2
handled,2
stay,2
monday,2
decided,2
tec-interface,2
"Zenhub,",2
"off,",2
Amazon,2
campaign,2
Hope,2
went,2
appreciated!!!!!,2
"is,",2
segments:,2
"vacation,",2
office,2
lending,2
remember,2
ğŸ™ğŸ¼â¤ï¸ğŸ’«,2
Keep,2
previous,2
Hacks,2
Grassroots,2
"Stack,",2
Pictosis,2
built.,2
Build,2
1.5h,2
Awesome,2
downtime.,2
rodrigo,2
ranging,1
"happen,",1
2.5,1
prattle,1
hidden,1
#10,1
corners,1
Finance,1
#4,1
arenâ€™t,1
nothing,1
promptly,1
https://forum.tecommons.org/t/transparency-working-group/197,1
execution,1
reverse-engineering/unravelling,1
totally,1
graduated,1
ray,1
utensils,1
technology,1
https://beta.giveth.io/campaigns/5feb2ca1dae3134bd0166dd6,1
Channel!,1
told,1
â¤ï¸ğŸ™,1
choices,1
application:,1
beta,1
somewhat,1
Compound,1
cooking,1
transforming,1
"spec,",1
now),1
value!,1
+,1
spammer,1
3PM,1
booting,1
thatğŸ™,1
sanctions!,1
unseen,1
least,1
trough,1
track.,1
uttering,1
Wg!,1
vantage,1
point.,1
ğŸ™ğŸ¼ğŸ˜„,1
Octalysis,1
sentence,1
notebooks,1
led,1
01/21,1
Jupiter,1
needed.,1
"talents,",1
joy,1
"Connect,",1
"Sync,",1
dished,1
left,1
coaching,1
SM,1
logos,1
Seed.,1
"conduct,",1
addressğŸ”¥,1
joining!,1
"polishing,",1
inspirations,1
writting,1
company,1
Andreas!,1
joing,1
hump,1
superstar,1
Sprint.,1
muchğŸ˜ŠğŸ˜Š,1
01/24,1
01/20,1
adjustements,1
tidy,1
store,1
client.,1
"site,",1
clearly!!,1
layout!,1
sooo,1
snackbars,1
slaying,1
"documents,",1
Terms,1
transaction,1
hearing,1
"hatch,",1
heart.,1
"idea,",1
retweeting/mentioning,1
"smaller,",1
ğŸ™ğŸ½ğŸ˜Š,1
#5,1
#3,1
weekend.,1
ğŸ”¥âš—ï¸ğŸ˜­ğŸ™Œ,1
parameterization,1
post...,1
"Voting,",1
paramms,1
huge!,1
manğŸ™,1
"setup,",1
1:30h,1
preps,1
slogan,1
"Retrospective,",1
f8,1
near,1
topic,1
cleanup,1
trash,1
personifying,1
Visa,1
mission!,1
unblock,1
presence.,1
looped,1
"Livia,",1
contributors!!,1
tunnel,1
â€œitâ€™s,1
seminar,1
"wisdom,",1
"class,",1
eGov,1
"graciously,",1
dear,1
"hearts,",1
examples,1
science,1
lecture!,1
ğŸ¤“,1
"ğŸ˜,",1
wg!!,1
excelent.,1
By,1
"""TEC",1
"Terms""",1
protected,1
kernel,1
launched,1
define,1
hands.,1
https://opensource.com/article/21/1/openlittermap,1
"commons/ui,",1
deployment!,1
"processes,",1
"perspectives,",1
beâ€.,1
arts,1
ğŸ™ğŸ¼ğŸ”¥ğŸ™ğŸ¼,1
extensive,1
"curves,",1
"Gardens,",1
"universe,",1
Discourse,1
upgraded,1
tokenizing,1
there:,1
depth,1
enrolling,1
flexible,1
transparency.,1
1hive's,1
wider,1
1:30,1
month:,1
concerns,1
prepping,1
raised.,1
benefitsğŸ™ğŸ½,1
briefing,1
explores,1
<https://forum.1hive.org/t/getting-closer-to-the-gardens-swarm/1977?u=chuygarcia92>,1
Tuesday's,1
swarm),1
6-week,1
duo,1
oversight,1
#242,1
zone,1
"Renaissance""",1
Regenerative,1
minded,1
"""Tools",1
eGovernance,1
NFTs,1
https://docs.google.com/document/d/1oKsEcnah4xuBxWFAMKcPn-72NSOreUFkhn2SiAfalQo/edit?usp=sharing,1
post:,1
mentor,1
Wiki,1
herding!,1
https://forum.1hive.org/t/getting-closer-to-the-gardens-swarm/1977?u=chuygarcia92,1
objective,1
hereğŸ™ŒğŸ™Œ,1
class,1
assistants,1
curation,1
vs,1
multimodal,1
view.,1
events/calls,1
work:,1
crowd,1
ğŸ™ğŸ¼ğŸ’«ğŸ˜,1
"meetings,",1
pot.,1
anarchy,1
meaning,1
"delivery,",1
honey,1
significance,1
Small,1
world:,1
keep!,1
Devcon,1
frisbee,1
https://hackernoon.com/reboot-a-new-operating-system-for-humanity-up303y8w,1
"Tuesday,",1
Reviewing,1
"transparency,",1
pr,1
honey-pot.,1
humility.,1
Buzz,1
integrity,1
feedbacks,1
scaffold,1
Figma's,1
window,1
designed.,1
Gravitron,1
can-do,1
phenomenal,1
structure:,1
DNA.,1
flow!,1
npm,1
arranging,1
robust,1
Rodri,1
StakeScreens,1
library.,1
"groups,",1
Fabian,1
aliens,1
collab,1
consequences,1
operate,1
landed,1
environments,1
Engineers,1
reaction,1
Metaverdeâ€™s,1
positively,1
funğŸ¤©,1
well-formed,1
dialog,1
"theme,",1
Marko's,1
aligned,1
jessğŸŒŸâœ¨,1
sticky,1
monster,1
energized,1
seen.,1
garden,1
inputs!,1
deposit,1
story,1
"buttons,",1
Recording,1
withdraw,1
overlay,1
day.,1
stream,1
âš™,1
Gears,1
crew.,1
expressing,1
failğŸ™ğŸ’ª,1
With,1
concerns.,1
Ivi,1
buttons,1
sem.,1
backing,1
Jess.,1
happenings,1
fountain,1
youâ€™re,1
Graph,1
year+,1
https://www.researchgate.net/publication/347390484_The_Commons_Stack_Realigning_Incentives_Towards_Public_Goods_Case_Study,1
muchğŸ˜ŠğŸ™,1
integrated,1
11/27,1
isnt,1
blocked,1
"apartment,",1
dates,1
â¤ï¸),1
pace,1
ğŸ™ğŸ¼ğŸ™ğŸ¼ğŸ™ğŸ¼ğŸ˜,1
"principles,",1
generate,1
ratio,1
deployed,1
"connector,",1
theory,1
http://legrandjeu.net/?p=600,1
"Communications,",1
ğŸ†ğŸƒğŸ’ƒğŸ»,1
old,1
superstars,1
herd,1
existing,1
mainnet.,1
preemptive,1
white,1
action!,1
kickstarting,1
xDAI!,1
out:,1
https://ipfs.io/ipfs/Qmat3wDbwNFWGXk4J7JzAJBzrRDGo6nMgPDdmNgrViwRoL/#/,1
aragonAPI.,1
-state,1
fetch-app,1
whip,1
turnout,1
cstack!!,1
DApp!,1
takes,1
true,1
kat,1
"grants,",1
âœ¨ğŸ’•ğŸ™Œ,1
"11/28,",1
stock,1
query,1
substeps,1
usage,1
stuck,1
mechanics,1
finer,1
https://docs.google.com/document/d/1Bm57hzwSJav0tmLJ6uqvMRdCr22w3pVHo6rC1AsS5vg/edit#heading=h.9vg2ebx2cywz,1
thanksğŸ™ğŸ»,1
Resources,1
ğŸ¥³ğŸ˜,1
guitar,1
posing,1
clubğŸ™ğŸ»,1
"Tamara,",1
marathon,1
releases,1
Commons.,1
"needed,",1
entanglement!,1
<->,1
snippet,1
half-life,1
skilful,1
Wesley,1
pictosis,1
hustle,1
endeavors,1
Justice,1
"League,",1
raising,1
million,1
dollars,1
INCREDIBLE!,1
"yesterday,",1
unexpected,1
ğŸ¦¾ğŸ¦¾ğŸ¦¾,1
deal,1
donations,1
assess,1
depends,1
hands,1
growth,1
On,1
matching,1
refactored,1
Group!!!,1
much.,1
helpful!,1
excited.,1
mind-blowing!,1
guess,1
runs,1
pushes,1
things...which,1
"focused,",1
recognized,1
movement,1
Check,1
boosting,1
poking,1
puch,1
go-to,1
finisher,1
"anything,",1
"catherding,",1
engages,1
"action,",1
"excited,",1
"forward,",1
"discussions,",1
amigo.,1
on!!,1
ğŸ™ğŸ¼ğŸ™ŒğŸ’«ğŸŒŸğŸŒŸğŸŒŸ,1
Regis,1
calculations,1
priceless,1
extremely,1
"motivated,",1
"""the",1
humany,1
"stuff""",1
use(d),1
struggle,1
provides,1
hubspot,1
capabilities,1
selection,1
Juank,1
Ser,1
mi,1
https://github.com/DAOresearch/cadcad/tree/main/Governing%20the%20Commons,1
endangered,1
addresses,1
NPM,1
gratitude,1
build!,1
"rewards,",1
concrete,1
subjective,1
ones.,1
"helping,",1
thoughtfull,1
tested,1
rendering,1
species,1
answers!,1
unnecessary,1
saturdar,1
Group.,1
"11/30,",1
wallet,1
digesting,1
"8,000",1
gnosis,1
pillar,1
alias,1
sourcecred,1
https://hackmd.io/uSt434WjRGyCfQjPmFh34w?view,1
âš¡ï¸ğŸ“šğŸ”¥ğŸ”¥,1
described,1
impacts,1
aside,1
Analyzing,1
"enduring,",1
governed,1
CPRs.,1
âš¡ï¸ğŸ’«,1
hygiene,1
safer,1
groupâ€™s,1
nicest,1
"Philosophy,",1
Proposals!!!,1
ğŸ™ğŸŒŸğŸ™,1
reserve,1
CPR,1
sketching,1
encourage,1
labels,1
ğŸ™ğŸ¼ğŸ™ğŸ¼ğŸ™ğŸ¼,1
thegraph,1
"Swarm,",1
demaning,1
costume,1
"connect,",1
5hours,1
"oracle,",1
finished!,1
"development,",1
Columbian,1
evolving,1
aggregatingÂ vestingÂ address,1
dynamically,1
given,1
accuracy,1
W4,1
tec-converter!,1
Ruben,1
advance.,1
preparing.,1
essence,1
maker.,1
You'll,1
hesitate,1
Rayne,1
smaller,1
branch,1
"unnoticed,",1
nice!,1
TECommons/coordination,1
repository.,1
detailed,1
Visibility,1
winning!ğŸŒ¿,1
ğŸŒ¸,1
immense,1
Boundaries,1
Rules,1
https://forum.tecommons.org/t/principles-1-2-rules-and-boundaries/87/6,1
âš¡ï¸âš¡ï¸âš¡ï¸,1
rearranging,1
beasting,1
"narratives,",1
clarify,1
meme!!!,1
graph!,1
"WGs,",1
Ecosystem,1
impressive,1
"fronts,",1
goodness!,1
ğŸ’«â¤ï¸ğŸ’«,1
combat,1
JuanKa,1
saving,1
2.0,1
Kademlia,1
Value,1
thanksgiving,1
Flows,1
mentors,1
"thoughts,",1
"inspiration,",1
worldğŸ˜œ,1
Friday!,1
properly,1
ğŸ™ŒğŸŒˆğŸŒŸ,1
Durgadas!,1
Protocol,1
attendees!,1
diagram!!,1
PraiseGiving,1
celebrate,1
prioritize,1
fam!,1
ğŸ™ğŸ™Œ,1
Round!,1
https://gitcoin.co/grants/1155/token-engineering-commons,1
sections,1
Craig!,1
"situations,",1
prevent,1
like!,1
drilling,1
fell,1
"safe,",1
validated,1
Thats,1
gifting,1
Nitro,1
overflowing,1
Sprints.,1
"goal,",1
https://github.com/cadCAD-org/demos/blob/master/snippets/psub_map_label.ipynb,1
Owocki's,1
trying!,1
fuel,1
accelerate!,1
"paulo,",1
ğŸ˜ğŸ¶,1
restyle,1
cv,1
busy!,1
ğŸ™ğŸ¼ğŸ‘ğŸ¼,1
ğŸš,1
end/dev,1
Name,1
Jammin',1
Dan!,1
disco.coop's,1
tunes,1
Sign,1
here:,1
disco.coop/newsletter/,1
Twitter!,1
allows,1
commas!,1
INCREDIBLE,1
humankind.,1
beautifying,1
Tonga,1
"12/10,",1
graphql,1
"wonderful,",1
ğŸ¥³ğŸ’«ğŸ¥³,1
schema,1
Tonga),1
"(Tuesday,",1
Steward,1
Thursday).,1
Integrate,1
oracle,1
Clutch,1
sufficiency,1
currency,1
profound,1
limits,1
economies,1
gusto.,1
contributions!!,1
lets,1
github!,1
color,1
modifications,1
requested,1
âœ‹,1
PMâ€™ing,1
specification,1
group).,1
python-cadCAD,1
inside,1
"MUCH,",1
food,1
âš—ï¸,1
Blockscience,1
changer,1
res,1
you!ğŸ™ğŸ»,1
peace,1
exited,1
conflic,1
benefits,1
team!!,1
CONGRATULATIONS,1
award!!,1
earning,1
ultra-stable,1
"Parameterizations,",1
all(!),1
petals,1
Cryptoeconomics,1
flower,1
b/c,1
timezones,1
littercoin,1
UN,1
ğŸ”¥Best,1
posted,1
persistence,1
"spreadsheet,",1
punctually!,1
coordinator/operations,1
overviews,1
diagramming/explaining,1
ğŸ™ğŸ¼ğŸ™ğŸ¼ğŸ™ğŸ¼ğŸ”¥,1
ed,1
pre-cadCAD,1
blossom,1
lot.,1
continous,1
hugeğŸ™ğŸ’ª,1
Continuous,1
Backend,1
"Server,",1
up-to-date,1
improve!,1
"clarity,",1
going!!!,1
parammsğŸ‡,1
Exxon,1
Week!!,1
Week!,1
30-sec,1
"running,",1
"House,",1
"exciting,",1
turned,1
manages,1
involving,1
ğŸ¤²,1
finicky,1
streams!,1
"better,",1
wrapped,1
sell,1
gifts,1
Caga,1
Tio,1
https://medium.com/token-engineering-commons/caga-t%C3%ACo-delivers-wxdai-updates-on-tec-proposals-legal-strategy-25dd5c0d087,1
THIS,1
sentiment,1
GODLY,1
DATA,1
https://docs.google.com/spreadsheets/d/1qvmwwlUHnQWYc2JQRoE1Qo_IKx6a4CI9ehWIMvkiqFc/edit#gid=1582481479,1
consider,1
illuminated,1
expectations,1
complementing,1
cadcad!,1
slideshow,1
primeDAO,1
rethinking,1
easier!,1
Mobile,1
"high,",1
@GriffGreen,1
wrapper,1
time)!,1
grouping,1
ğŸ› ğŸš€,1
here...,1
think/hope,1
CORRECT!,1
MERGED!,1
2021,1
herder,1
Santiâ€™s,1
35,1
favicons,1
tec-convert,1
exit/entry,1
spreadsheets,1
40min,1
investigating,1
fee,1
conversion,1
ğŸŒ±ğŸ‰,1
Study!,1
santa!,1
worthwhile,1
"track,",1
alternative,1
track!,1
Now,1
@boring,1
sage,1
cadCad,1
proposal!!,1
win,1
LAB,1
good!!,1
https://www.youtube.com/watch?v=RIuoVMQfbNM,1
Templates,1
playlist,1
"flow,",1
Direction,1
Issues!,1
streams,1
epics.,1
"year,",1
Engineeringâ€œ,1
stamps,1
tally,1
theres,1
TESTHATCH,1
callâ€™s,1
website!,1
ğŸ¤˜ğŸ¤˜,1
goalsğŸ˜œ,1
trouble,1
HATCH!,1
whoever,1
Swarm!!!!!,1
sure.,1
progressing,1
https://forum.tecommons.org/t/upgrade-impact-hours-app/208,1
alive,1
expanding,1
decolonialism,1
spiral,1
insighful,1
concepts,1
embrace,1
If,1
addys,1
"holiday,",1
ğŸ¥³ğŸ¥³,1
dedication!,1
settings,1
ğŸ™ğŸ¼ğŸ˜‚,1
work!!,1
star!!!,1
one!!,1
playlists!!,1
sprintable,1
ownership,1
fabi,1
adjusting,1
freshğŸ§–ğŸ¼,1
whenever,1
confused.,1
currently,1
199,1
receiving,1
"IH,",1
16,1
compassion,1
mindfulnes,1
â€Introduction,1
tonightâ€™s,1
ğŸ¤˜âš¡ï¸âœ¨,1
load,1
harder,1
"blog,",1
gems,1
distillation,1
Groups,1
"interfaces,",1
retrospective.,1
advance,1
remainderğŸ¤˜,1
scrum,1
https://tokenlog.xyz/commons-stack/iteration0,1
backlogs.,1
token-weighted,1
"Tokenlog,",1
experimenting,1
TECH,1
swarm:,1
https://forum.1hive.org/t/luna-swarm-expanding-the-1hive-cadcad-model/1190,1
https://forum.tecommons.org/t/tec-funding-proposals-what-kinds-of-projects-should-apply/191,1
TE!,1
@MerlinEgalite,1
replying,1
"conversations,",1
deeply,1
participative,1
4000,1
PAN,1
continuity,1
Pair,1
Programming,1
https://1hive.gitbook.io/1hive/projects/gardens,1
Gravity.,1
make.,1
amazing.,1
brandğŸ”¥,1
Who,1
pearl,1
now?,1
classes,1
curriculum,1
subtleness,1
â€œforestâ€,1
tec-converter,1
â˜ºğŸ’¥,1
problems!,1
useful!,1
ğŸ™ğŸ™ğŸ™âœ¨,1
resolutions,1
watch!,1
30min,1
colors,1
devbox,1
needed!,1
ux/ui,1
meditation,1
Durga,1
mod'd,1
join!,1
ğŸ˜ğŸŒˆğŸŒŸ,1
chart!,1
https://tokenengineeringtest.herokuapp.com/,1
Proposals,1
"panvala,",1
"gitcoin,",1
friend!,1
pointers,1
patient,1
jaja,1
"Sebnem,",1
me.,1
"radar,",1
reflected,1
critics,1
unstuck,1
"tasks,",1
direction.,1
place!,1
lifting,1
Alchemy.,1
"receive,",1
ambassador,1
reflexion,1
war,1
"peace,",1
mind-blowing,1
telling,1
badly,1
manner,1
couldn't),1
Andrew,1
widget,1
splitting,1
humanness,1
participates,1
forums,1
hug,1
cold,1
"building,",1
"assignments,",1
Carib,1
contracts.,1
marketplace,1
marko.,1
suite,1
(now,1
"tecommons/hatch-app),",1
(still,1
uploaded),1
written,1
conversion.,1
conducing,1
descriptions,1
"launch,",1
ğŸ™ğŸ¼ğŸ”¥ğŸ”¥ğŸ”¥,1
amazing!!!),1
wait,1
rockstar,1
love!,1
additions!,1
beating,1
pullups!!,1
livestreaming,1
subtitles,1
gringas,1
Spanish!,1
min/max,1
analogies,1
Latam,1
Caribbean.,1
symbolic,1
doing.,1
wizards,1
dragons,1
ğŸŒ±ğŸ¤–ğŸ‰,1
presentation!!!,1
schilling,1
tennis,1
playing,1
"Book,",1
off.,1
"Griff,",1
Bad,1
anti-praise.,1
hold,1
rounding,1
checkout,1
ğŸ™ğŸ¼ğŸ™Œ,1
day-off,1
iterations,1
ğŸ”¥ğŸ˜‚,1
compiling,1
cagatio,1
rockğŸ¤˜ğŸ¤˜,1
@Sponnet2,1
Miss,1
Github!,1
all.,1
approved,1
guidelineâ¤ï¸,1
Carrib,1
"SOW,",1
changer.,1
cstk,1
(Freshdesk),1
TEC-pot,1
TEC-hatch,1
MercedesğŸ™ğŸ¼ğŸ˜ğŸŒˆ,1
September,1
Discussion,1
recognize,1
him!,1
tastes,1
later,1
tec-template,1
General,1
(tests,1
done):,1
https://github.com/TECommons/impact-hours-app,1
Enjoy,1
"prepared,",1
redeploy,1
Fiore,1
designer,1
ğŸ˜,1
creation,1
ppl,1
(Marko),1
DLT,1
"""#!Â£$*",1
forgot,1
thingy',1
tec-general,1
5hrs,1
https://www.coindesk.com/daos-2020-good-bad-ugly,1
place.,1
YB,1
"overlay,",1
logos!!,1
fantastic!!ğŸ™ğŸ»,1
ğŸ˜ğŸ’«ğŸŒˆ,1
triksğŸ˜œğŸ™,1
memes!!!,1
Yay!,1
disher!,1
podcast!,1
Figma,1
enabling,1
cooperative,1
frontend!,1
require,1
tendencies,1
ecovillages,1
steering,1
well.,1
"Tongga,",1
Wednesday.,1
Integrated,1
frontend.,1
Worked,1
traveling,1
mapping,1
functions,1
(Tonga,1
session),1
hatch-connector,1
(using,1
"protocol),",1
"days,",1
lazer,1
hatch-template#1,1
eager,1
cozy,1
naming.,1
feelings,1
recover,1
brightid,1
acc,1
chip,1
burn,1
replace,1
searching,1
Swat,1
No,1
x100,1
meetings.,1
(I'm,1
porting,1
Kris!!!!,1
considerate,1
netlify,1
configured,1
DNS.,1
https://tecommons.org,1
redirecting,1
playful,1
community!ğŸŒˆ,1
raining,1
newest,1
"seriously,",1
meticulous,1
But,1
shot.,1
one.,1
pleasant,1
magic!,1
cant,1
vyvy-vi,1
info),1
"responsive,",1
async,1
resolving,1
rights,1
pin,1
snowflakes,1
Retrospective,1
magical,1
whimsy,1
standardize,1
https://docs.google.com/spreadsheets/d/1nu5Xx4N40RpUvh7dtJB94SUMYSpMs-U6iFiOBPXOLoA/edit#gid=1235266306,1
URL,1
areas,1
reviewer,1
TEs,1
"true,",1
bedrock,1
swing,1
"herself,",1
"jungle,",1
MEME!!!,1
migrations,1
https://forum.tecommons.org/t/dao-migration-demo/331,1
"freeze,",1
wizard,1
portable,1
"voting,",1
itcoin,1
metamorphosis,1
'the,1
way',1
"Lauren,",1
mediation,1
paragraph,1
"DApp,",1
unquantifiable...,1
yesterdayğŸ™‹â€â™‚ï¸,1
"link,",1
timezone,1
shareable,1
diff,1
phases,1
infographic,1
"dynamic,",1
conversation.,1
clarifying,1
teach,1
tricks,1
assing,1
"that,",1
"solutions,",1
unblocking,1
shape,1
"piece,",1
"Manu,",1
now!,1
grants,1
safe,1
Engineering!,1
model!!,1
soft-gov,1
"because,",1
capabilities!,1
anyway,1
republishing,1
rad!,1
overdue,1
sync-up.,1
Always,1
https://forum.tecommons.org/t/hatch-outreach-audit/346âœ¨,1
Projects,1
audit!,1
WXDAI.,1
tweet!,1
apps,1
daos,1
hooking,1
again.,1
"land,",1
confidence,1
rescuing,1
"most,",1
started.,1
mistake!,1
mistakes,1
enthusiasm!,1
"tec-interface,",1
Spotlight,1
rocks!,1
laugh,1
Auryn.,1
Better.,1
South,1
American,1
barista,1
skills!,1
"CSTK,",1
1hr,1
T,1
Wells,1
keywords,1
allocate,1
Zenhub!,1
Nailed,1
ğŸ”¨,1
sees,1
"inbox,",1
team!,1
surfacing,1
speedy,1
ups,1
enrichment,1
merge,1
"rinkeby,",1
course!!!,1
congratulations!!,1
proof,1
Earth,1
humans,1
"enthusiastic,",1
@ZoushHoangfor,1
"recorded,",1
"channels,",1
"Ivy,",1
"record,",1
humorous,1
thoughtful.,1
When,1
"speak,",1
listen!,1
polish,1
addressing,1
Gravity's,1
quiet,1
groovybot,1
deep-dive,1
mod,1
skillset,1
credits,1
"teacher,",1
carbon,1
beginner,1
follow!!,1
Poker,1
Governance,1
Berchain,1
ğŸŒ±ğŸ› ,1
bug...,1
Phil!!!!,1
tragedy,1
@Michel,1
Bauwens#1511,1
researching,1
Greece,1
amaaazing!,1
co-design,1
iteration,1
lively,1
dialogue,1
Membership!,1
morphosis,1
materials,1
quantified,1
;-),1
Danilo,1
marko,1
context,1
larger,1
coherence,1
actually,1
"achieve,",1
counter,1
productive.,1
Aligning,1
key:,1
https://medium.com/the-next-evolution/ecosystem-intent-toolkit-a926be4f3339,1
"interface,",1
ASAP!,1
isolate,1
files,1
deployments,1
(ui,1
files),1
contributed,1
#TokenEngineering,1
webpage,1
olli.to,1
writers,1
Without,1
toolkit.,1
intent,1
partyğŸ¥³,1
iterate,1
quite,1
throw,1
morning's,1
Benz,1
Defi,1
Safety,1
community...,1
HEROES,1
WORK!,1
"helpful,",1
scientific,1
Opensea,1
patiently,1
new-person,1
boarding,1
clearly,1
thoroughly.,1
Kristofers,1
complaining,1
enjoy,1
laptop,1
mine,1
extinct!,1
interviewing,1
accept,1
spotting,1
WG!,1
artists,1
SourceCred.,1
medicine,1
tomorrow.,1
easily,1
`For,1
Praise-Bot`,1
doğŸŒ,1
ethos,1
metafest,1
(almost),1
questionnaire,1
OMega!,1
"far,",1
amazing!!!!,1
responsive.,1
dApp!,1
template!,1
Groovy,1
noise,1
ğŸ’»â˜„ï¸ğŸ¦–,1
mute,1
Couldn't,1
her!,1
Sim,1
down...,1
watchful,1
guardian,1
angel,1
battling,1
victorious!,1
Tool,1
Tips!!!,1
Credit,1
toolkit!,1
ğŸ’¸ğŸŒ±,1
weekend!,1
rooting,1
again!,1
principle,1
Gitbook!,1
access.,1
Fabimol,1
visuals,1
Upgrading,1
"beyond,",1
https://forum.tecommons.org/t/mission-vision-and-values-tokenlog-session/296,1
AMAZING!,1
You've,1
captured,1
"essence,",1
rocked!,1
considered,1
charge,1
hashing,1
Strategy!,1
ğŸ¥³ğŸ¥³ğŸ¥³,1
assembling,1
formatting,1
permissions.,1
Time,1
documents!,1
CPD,1
mention,1
(WG),1
members.,1
backed,1
tec.,1
Happy,1
blog!!!,1
masterpiece,1
"praise,",1
Burrito,1
holds,1
enlighten,1
wagon,1
compassion.,1
vulnerable,1
blockchain4good,1
gaps,1
(e.g.,1
Comms),1
"Panvala,",1
pro-actively,1
"slides,",1
callender,1
call-alerts,1
Support#562,1
grasp,1
intention,1
Israel,1
relate,1
presentating,1
"minute,",1
"really,",1
birthday!?,1
player,1
loosely,1
Curate,1
sheet!,1
cal.,1
expansive,1
"Mission,",1
"Vision,",1
Values,1
incentivize,1
"ethics,",1
"engineering,",1
formulas,1
say,1
charm!!,1
hardworking,1
school,1
"theTEC,",1
University,1
Vienna,1
BlockScience,1
Zarghams,1
Review's,1
coupled,1
refinement,1
churning,1
reflection,1
quadratic,1
video!!,1
https://www.youtube.com/watch?v=uQJfNRiQFZQ,1
powerhouse,1
talked,1
"interview,",1
inaugural,1
7h,1
04/01,1
15,1
https://github.com/CommonsBuild/tec-hatch/pull/66,1
https://github.com/CommonsBuild/hatch-connector/pull/11,1
03/26,1
goal-reached,1
animation.,1
https://github.com/CommonsBuild/tec-hatch/pull/73,1
surge,1
pop,1
today!ğŸ¦‹,1
historical,1
reference,1
Much.,1
So.,1
data.,1
Masana,1
Manus,1
"farming,",1
"distribution,",1
duties,1
"description,",1
glossary.,1
adition,1
!!,1
cinema,1
commons/DAO,1
Temples,1
manğŸ˜,1
recommendation.,1
mix,1
beats.,1
goin,1
alot!,1
2min,1
fostering,1
nourish,1
faaaam!!,1
BIG,1
Consilience,1
study!,1
distilling,1
studying,1
https://github.com/CommonsBuild/tec-info/tree/main/wg-digest,1
cap,1
meet,1
https://discord.com/channels/810180621930070088/810180622165213222/837787578014236724,1
compensation,1
prelude,1
"milestone,",1
"driven),",1
officially,1
"builder,",1
"parties,",1
SURGE,1
days!,1
once!,1
customer,1
service,1
specialist!,1
"multitasking,",1
stretches,1
streaming,1
milestones,1
esp.,1
"reliable,",1
Art,1
debug,1
hang,1
BrightID!,1
that!âœ¨,1
glues,1
surviving,1
challenging,1
no-school,1
logistics,1
lean,1
charisma,1
Metagame,1
podcast,1
episode,1
craig,1
seamless,1
"SourceCred,",1
ultimate,1
"wizard,",1
straw,1
red,1
lawnmower,1
provider,1
Method,1
War,1
enough),1
"governance,",1
decisions,1
tact,1
Ostrom's,1
asks,1
involved.,1
ğŸ¤,1
dues,1
through!,1
sneak,1
peak,1
https://twitter.com/sherminvo/status/1387831595013443584?s=21,1
bootcamp!!,1
shouldering,1
explanations,1
"posts,",1
Economics,1
spotlight,1
timeğŸ™âœ¨,1
CityDAO,1
soon!,1
repository,1
https://www.regenerativeteams.com/2021/04/28/the-next-frontier-in-decentralised-governance-collaborative-sense-making/,1
fill,1
type,1
Choice,1
rapidly,1
excellently.,1
momentum,1
"perspective,",1
"1on1s,",1
software,1
edge,1
evangelist,1
"almost,",1
seeing,1
making:,1
misses,1
"him,",1
hoodie,1
cutting,1
beard,1
"morning,",1
inclusion,1
chrysalis,1
"engagement,",1
waters,1
Hatch:,1
13,1
praise!!!,1
retrospectives,1
meetings!,1
"going,",1
personality,1
Ivy's,1
DMs!!,1
joinimc,1
ugly,1
dude,1
shifting,1
paradigms,1
good.,1
Omega,1
flowering,1
unexpectedly,1
hoping,1
I'd,1
bonfire,1
translating,1
infinite,1
Queen,1
Board,1
ğŸŠâ€â™‚ï¸,1
"labs,",1
"humble,",1
https://github.com/CommonsSwarm/tec-hatch/pull/92,1
circle,1
"component,",1
tec-ui.,1
https://github.com/CommonsSwarm/tec-hatch/pull/91,1
https://github.com/CommonsSwarm/tec-ui/commit/07a006289f4b4146093095a3a9f05e221e71e223,1
cache,1
fetch,1
handlers,1
demand.,1
https://github.com/CommonsSwarm/hatch-connector/pull/19,1
https://github.com/CommonsSwarm/hatch-connector/commit/0e2b21d80f7303ee86105050655bd82161f1be48.,1
component,1
handle,1
errors,1
@tecommons/,1
packages,1
@commonsswarm/,1
"https://github.com/CommonsSwarm/tec-hatch/pull/90/commits/decb1fe9cc08f5ed9d1897622145ba1f97f5e1b2,",1
"https://github.com/CommonsSwarm/tec-hatch/pull/93,",1
https://github.com/CommonsSwarm/hatch-connector/pull/16,1
https://github.com/CommonsSwarm/hatch-connector/pull/15,1
9h,1
.,1
PraiseBot,1
17h,1
"comms,",1
greatly,1
anticipated,1
looling,1
buddyâœ¨,1
document!,1
framework,1
base,1
timelock,1
permission:,1
https://github.com/CommonsSwarm/hatch-template/pull/7,1
safety,1
apps:,1
https://hackmd.io/QijHpCIiR6uZXktbIfZI7g#Commons-Swarm-Apps,1
parameterize,1
formula:,1
https://forum.tecommons.org/t/impact-hour-rate-deep-dive/90/13,1
gantt,1
hackmd,1
specification:,1
https://forum.tecommons.org/t/tec-test-hatch-implementation-specification/226/7,1
photo.,1
classic!,1
direct,1
"back,",1
WG's,1
front-end.,1
modelers,1
students,1
easter,1
egg!,1
ğŸ¥šâš¡ï¸,1
fully,1
linking,1
Blocks,1
systemğŸ¤©,1
to.,1
identified,1
behaviour,1
DAOâš¡,1
corner,1
meme-ing,1
generally,1
essential,1
relation,1
issues!ğŸ¥°,1
"glue,",1
news!,1
FAQ!,1
people!,1
Colombia.,1
hacksesh,1
hard!!,1
wear,1
meal,1
1Hive/TEC/CS,1
Anna-Maries,1
Miles,1
attitude,1
fulfilling,1
days.,1
Pretty,1
that.,1
Especially,1
financially,1
tough.,1
ğŸ’š,1
torch,1
lunch!,1
@griffGreen,1
confirming,1
Siri,1
"cap,",1
EVERYTHING,1
ğŸ˜®ğŸ˜,1
redeem,1
https://github.com/CommonsSwarm/tec-hatch/pull/83,1
https://github.com/CommonsSwarm/tec-hatch/pull/77,1
04/16,1
timeout,1
informal,1
remarked,1
forget,1
compliment.,1
praised.,1
figure,1
target,1
slidesğŸ˜,1
Circle,1
Chart,1
mockup,1
reached,1
organising,1
Stack.,1
aridrop,1
xls,1
auto,1
fork.,1
repos,1
tirelessly,1
fine,1
@Elementarycomplexity's,1
activation!,1
false,1
positives,1
reminder,1
honestly,1
rock!!,1
ğŸ¤Ÿ,1
speaks,1
consolidating,1
transdisciplines,1
"library,",1
Forum's,1
T&Cs,1
distribute,1
elevating,1
global,1
âš¡ğŸ¤–âš¡,1
forethought,1
omega,1
pulse,1
bancor,1
3.5h,1
"working,",1
anthropology,1
ğŸŒº,1
book!,1
Gnosis,1
Safe,1
"developments,",1
exchanging,1
"learnings,",1
societal-scale,1
actualization,1
Dani,1
ya.,1
insightful.,1
partners,1
server.,1
ğŸ‘‹ğŸ½,1
username,1
Chinese!!,1
Jeff,1
OBS,1
slip,1
cracks!,1
flower.,1
suggestion,1
GrimFolks,1
applying,1
strategic,1
recommendations.,1
facilitator,1
ğŸ§™â€â™‚ï¸,1
changemaker,1
dashboard:,1
https://forum.tecommons.org/t/design-your-economy-make-your-choice/366,1
DMs,1
DNS,1
Discord-join,1
http://discord.tecommons.org/,1
activate,1
membership!,1
source/public,1
frameworks,1
MVV!,1
challenge,1
(needs,1
praise!),1
Stack!!,1
YT,1
advice!,1
train,1
template:,1
Trust,1
https://www.youtube.com/watch?v=yX59yAXYp1M,1
auto-remind,1
hour!,1
meme!,1
song,1
dancing,1
gif,1
cafe!,1
TEC!!!,1
sheet.,1
Thorough.,1
website!!,1
Join,1
timely,1
shops,1
t-shirt,1
members!,1
absolutely,1
around!!,1
homework,1
rewriting,1
12:,1
Seeds,1
ğŸ§‘ğŸ½â€ğŸš€,1
Sow,1
issue!,1
https://tokenlog.xyz/CommonsBuild/TokenLog-SoftGov,1
:)),1
1-on-1s,1
hereâœ¨,1
"1-on-1,",1
initiatives!,1
bugs,1
bugs!,1
collaborations!,1
tying,1
They're,1
"smart,",1
read!,1
Another,1
"masterpiece,",1
maestro.,1
usernames,1
they're,1
help!,1
"scheduling,",1
justice,1
integrations,1
"visualizations,",1
"narrative,",1
vocabulary,1
honesty,1
learning!,1
Skills,1
(NFT,1
group)!,1
TokenCAD:,1
JavaScript,1
game.,1
CRITICAL,1
boss!,1
Butoh,1
servant,1
style,1
"else,",1
"gentle,",1
"directions,",1
farms,1
levers,1
"with,",1
"stewards,",1
"patience,",1
back-end,1
giggles,1
ğŸ’©,1
column,1
Iâ€™ve,1
oppened,1
doors,1
feet,1
"organs,",1
bones,1
memories,1
"ground,",1
emptiness,1
filled,1
flowing,1
energy.,1
5th,1
"members,",1
ama,1
navigating,1
manifesto!,1
"leadership,",1
shoulders,1
sounds,1
weird,1
example!,1
"Dapp,",1
thereâ€™s,1
sensitive,1
interview!ğŸ’«,1
videoğŸ™ŒğŸ»,1
duties.,1
nooks,1
channels!,1
dashboard.,1
params!,1
describing,1
buffer,1
Voting:,1
https://forum.tecommons.org/t/vote-proposal-buffer/132/3?u=griff,1
currencies,1
references,1
teamolplates,1
man!ğŸ’ª,1
slick,1
graphics!,1
Logos,1
rock!âš¡ï¸,1
transformation,1
DAOs/communities,1
teamâ€™s,1
ğŸ™ğŸ¼ğŸ¥³,1
Cstack,1
"report,",1
dope,1
natesuits),1
children.,1
wizarding,1
approving,1
EVERY,1
payment,1
happened.,1
Booklet,1
studies.,1
booklet.,1
dark,1
versions,1
booklet,1
revisions.,1
livi,1
pageâœ¨âš¡ï¸,1
report,1
Uniswap,1
Owner,1
Mom,1
excercise,1
thursdays,1
apply,1
education!,1
farm,1
animals,1
verbiage,1
anecdotes,1
shares,1
â€œWeâ€™re,1
"Pippingâ€,",1
typos,1
texts,1
Engineers!!!,1
role!,1
Stack/TEC,1
paradigm,1
share....,1
scenes...,1
"gigs,",1
awesome-bonding,1
curves...,1
choosing,1
dedicate,1
"Molecule,",1
"Protea,",1
unstoppable,1
decision.,1
freeze!,1
corrections,1
dashboard),1
support!,1
chatting,1
DMs!,1
long-time,1
member!,1
ğŸ™ğŸ¼â¤ï¸ğŸŒŸ,1
anytime,1
Tezos,1
heartfelt,1
Association!!!,1
inventing,1
Hoperunners,1
Gridlock,1
conduct.,1
manifesto!!,1
smile,1
brightens,1
discord!!,1
volunteer,1
spelling,1
Economics.,1
man.,1
equally,1
testname,1
bot!,1
gelee,1
praisable.,1
Unit,1
community!!!,1
ğŸŒŸğŸŒŸğŸŒŸğŸ˜ğŸ’«,1
propose,1
Dacade!,1
Unit!!,1
on.,1
changes.,1
wells,1
finalize,1
founding,1
innovation,1
Data,1
Markets!,1
Molecule,1
Protea,1
locallyowned.io,1
lens,1
installing,1
local,1
"radCAD,",1
lol,1
rust,1
variation,1
engine,1
travel,1
excluded,1
"zone,",1
New,1
contacted,1
not.,1
She,1
VCO,1
CRBP.,1
dishing!!!,1
ğŸ™ğŸ¼ğŸ’«ğŸŒŸğŸŒŸğŸŒŸ,1
nights,1
responses,1
ğŸ˜…,1
praise-bot,1
features,1
tasdasdasd,1
zzxc,1
publication!,1
Congratulations,1
"Juan,",1
ğŸ™ŒğŸŒŸâ¤ï¸,1
"enlightening,",1
thatğŸ™ŒğŸ™,1
!!!,1
Communities!,1
facilitate,1
community!ğŸ™ŒğŸ»ğŸ˜Š,1
"update,",1
"brought,",1
sexy,1
clear....,1
sat,1
https://twitter.com/tecmns/status/1362439554830110724,1
"modeling,",1
paced,1
Param,1
YGGâ€™s,1
web,1
OMega,1
assumptions,1
ethics.,1
"necessary,",1
<-,1
participatory,1
need!!!,1
presentation!!,1
Such,1
herding,1
https://docs.google.com/document/d/1hdGDugNqB33lsWn7eTWIeIt2CQ5HHTqvdYKru5wquG4/edit#heading=h.kbxqh6qvrupa,1
blog!!!!,1
ğŸ™ğŸ¼ğŸ™ŒğŸŒŸğŸŒŸğŸŒŸ,1
Danlessa,1
"cadCAD,",1
participantâ€™s,1
"level,",1
repo!,1
usable,1
impressions,1
important.,1
Santiago,1
requirement,1
Juanka,1
attended,1
Commons!,1
ğŸ™ŒğŸŒˆ,1
welcone,1
TECâœ¨,1
champion!!!,1
"series,",1
importance,1
transcends,1
vaporwavezzzz,1
ğŸ’«ğŸ™ğŸ¼ğŸŒŸ,1
jess,1
doğŸ˜,1
Samurai,1
Shark,1
PMing,1
image,1
âœ¨ğŸ¤¯,1
openness,1
"Twitter,",1
communities!,1
motivational,1
tuesdayâ¤ï¸,1
Audit,1
Criteria,1
ğŸ™ŒğŸ½ğŸ™ğŸ¼,1
âš¡âš¡,1
highlight,1
Tamâ€™s,1
career,1
engineering!,1
Comms!!!,1
da,1
pumped,1
swimmin,1
"involved,",1
prompting,1
ourselves.,1
"""What",1
"TEC""",1
blazing,1
never-ending,1
"way,",1
priorities,1
nicely,1
authentic,1
"comfortable,",1
water,1
trap,1
technocracy,1
forumğŸ™ŒğŸ™,1
RAD,1
"gifs,",1
em,1
comin'!,1
Lovin',1
twitter!,1
bases,1
pro,1
proposal!,1
"discuss,",1
"outreach,",1
curating,1
DAO.Education!,1
Way,1
catalyse,1
decentralisation,1
Spain!,1
hs,1
"swarm,",1
4:30h,1
rodrigo's,1
"ui,",1
redesign,1
wed,1
thu,1
bakend,1
wednesday,1
Carbonbase,1
Ark!,1
distributed,1
had!,1
slack,1
identity.,1
Discord!!!!!,1
says,1
"world,",1
"Graviton,",1
appreciation,1
Dandigital,1
"writer,",1
law,1
jurisdiction,1
Lmk,1
ready.,1
migration.,1
Superstar.,1
decentralization,1
orgs,1
fabrics,1
absence,1
self-love,1
recognizing,1
okay,1
google,1
api,1
Sybil-resistant,1
reduce,1
job!,1
@chanate91,1
"trips,",1
kinder,1
gentler,1
communicator.,1
hunting,1
infrastructure,1
Internet,1
tuning,1
facets,1
keeper,1
writing/TEC,1
ğŸ™ğŸ¼ğŸ˜ğŸ™Œ,1
typing,1
verbal,1
mentioned,1
presentantion,1
alarm,1
wake,1
mens,1
thanksğŸ™âœ¨,1
recurring,1
road,1
uncertainty,1
computational,1
charts,1
burden,1
simulations,1
Any,1
confirm,1
depending,1
Automating,1
Ostrom,1
Effective,1
ManagementğŸ’¥â˜€ï¸,1
notion,1
charmsğŸ€,1
collabs,1
minting,1
quant!,1
offer,1
Zenhub.,1
Streamlabs,1
ğŸ™ğŸ¼ğŸ’«ğŸ™Œ,1
distributing,1
"them,",1
"designs,",1
break,1
due!,1
I'll,1
pending,1
TEC/CS,1
communicartions,1
documentation/working,1
CS/TEC!!,1
exploring,1
livecoding,1
labs.,1
https://forum.tecommons.org/t/state-of-the-hatch-and-beyond/288,1
Linux,1
noticing,1
dashboard!,1
overload,1
yogic,1
"philosophy,",1
"consciousness,",1
universal,1
well!,1
rapid,1
does.,1
awe,1
Zargham,1
"arena,",1
delivery.,1
production,1
ğŸ‘ğŸ™Œ,1
steward!,1
FE,1
Christopher.,1
neededâœ¨,1
Tamâœ¨,1
slide,1
literally,1
community!!!!,1
miss,1
ğŸ™ŒğŸ™ŒğŸ™ŒğŸ™Œ,1
MetaFest!!!!,1
Juan!!!!,1
needs.,1
offboarding,1
"carries,",1
(x4),1
consistent,1
Process.,1
questioning,1
inquiry,1
nailing,1
document.,1
newly,1
sof-launched,1
hospital,1
domain,1
GR9,1
collecting,1
spot,1
us:,1
https://github.com/TECommons/tec-info,1
researcher,1
power-house!,1
someone's,1
Kolektivo,1
CV!,1
"Luuk,",1
Scaling,1
Global,1
academics,1
commoners,1
Square,1
MetaCartel!,1
â˜€ï¸,1
trees,1
emergency,1
10X,1
events,1
directions,1
hero!,1
contagious,1
"ideas,",1
skillz,1
ğŸ¤©,1
redefining,1
"role,",1
daughter,1
Full,1
metal,1
alchemist,1
twitterğŸ™ğŸ™,1
reminder!,1
12,1
star,1
man!ğŸ¤˜ğŸ»,1
bouncing,1
Steps,1
TL;DR,1
piece.,1
digestible,1
understandable,1
chat!,1
conscious,1
Retro,1
celeste.,1
effortlessly,1
learns,1
admires,1
morale,1
names,1
"functions,",1
Naming,1
thing!,1
https://martinfowler.com/bliki/TwoHardThings.html,1
"Metafest,",1
"DJ,",1
long-term,1
Tam!,1
strategy,1
adds,1
informing,1
aproved,1
declined,1
ğŸ˜ğŸ™,1
Livi,1
ğŸ™â­ï¸,1
ST,1
Hall,1
"diagrams,",1
afraid,1
"recorder,",1
confident,1
PQ,1
AGAIN!,1
ğŸ™ğŸ¼ğŸ™ğŸ¼ğŸ™ğŸ¼ğŸ˜,1
"buddy,ğŸ™âœ¨",1
pq,1
pice,1
you!!!!!!!!,1
Juans,1
far,1
receptive,1
reflect,1
sort,1
ensure,1
assign,1
everywhere!,1
transformer,1
baseline,1
therms,1
French,1
sustainability,1
it!!p,1
pinned,1
"first,",1
"support,",1
https://github.com/TECommons/tec-hatch/pull/46,1
function.,1
hatch-connector#3,1
tec-hatch#42,1
03/10,1
BItcoinera,1
renaming,1
presale,1
hatch.,1
tec-hatch#44,1
hatch-connector#4,1
Template.,1
incubator,1
pre,1
re-evaluate,1
organizations!,1
blinked,1
done.,1
passionate,1
Katy,1
proactivity,1
precious,1
due,1
https://github.com/TECommons/hatch-connector/pull/6,1
"other,",1
markdown,1
(smart,1
auditor),1
funds,1
tests:,1
roll!,1
16h,1
xDAI,1
@sem,1
ğŸfor,1
11h,1
refactoring,1
max,1
case.,1
https://github.com/CommonsSwarm/hatch-template/pull/1,1
03/09,1
bootstrapping,1
Hardhat,1
03/13,1
`README.md`files,1
"frontend,",1
API,1
materials.,1
immeasurable,1
radiates,1
stabilizing,1
creates,1
fair,1
central,1
bank,1
attend,1
ending,1
coding...,1
whether,1
unmeasurable,1
MerlinEgalite,1
art.,1
"disputable-version,",1
Simon,1
de,1
la,1
Rouviere!,1
handle!,1
https://youtu.be/uZWR23QBOgA,1
graceful,1
"round,",1
"AMA,",1
"art,",1
"hear,",1
ğŸ˜œ,1
ponnys,1
"create,",1
releasing,1
guilt,1
--,1
ends,1
ğŸ¤–,1
Electric,1
Circus,1
retro.,1
"Github,",1
organizer,1
fabric,1
workflows,1
highest,1
exceptional,1
explains,1
shepherding,1
shepherds,1
Fridays!,1
(hatching,1
etc.).,1
Fridays,1
"ecosystem,",1
"topics,",1
"Hatching,",1
docs!,1
underestimated,1
stop,1
committed,1
docs,1
dApp.,1
corrected,1
VS,1
hatch-template,1
hardhat,1
"(dashboard),",1
programing,1
bounties,1
efra,1
1hive),1
AMA:,1
cv.commonsstack.org,1
difficulties,1
OVH,1
ğŸ”¥ğŸ”¥ğŸš’ğŸ§‘â€ğŸš’,1
aplying,1
stake,1
building!,1
arrived!,1
willigness,1
confusing,1
contribute!,1
https://github.com/danforth-restorative/TEC-INFO,1
know!,1
EIP,1
888,1
Multidimensional,1
general...,1
produce,1
sembrestels,1
paulo_c2d,1
folks,1
Venezuela.,1
Laurenluz,1
zoom,1
text!,1
jump,1
transparencyâš¡,1
Tuesday!,1
curious,1
confusion,1
messages.,1
becomes,1
touches,1
(x3),1
translations,1
browsing,1
assigned,1
screaming,1
"approach,",1
"""Grab",1
ice,1
cream,1
layer,1
confection,1
pillars,1
innovations,1
selected,1
"parameters""",1
WOW!,1
likes,1
rolls,1
loves,1
Keywords,1
list.,1
0megaâš¡ï¸âœ¨,1
vibe,1
Spanish.,1
"America,",1
copy,1
Griff.,1
"repo,",1
ğŸ˜ğŸ™ğŸ¼,1
Tommy!,1
yo'self,1
protocol!,1
carefull,1
attentive,1
feedbacks!,1
unit,1
spec'ing,1
off-chain,1
Ceramic!,1
https://github.com/ceramicnetwork/CIP/issues/87,1
Bloom,1
culture!!!!!,1
chance,1
"hang,",1
monitoring!,1
"mood,",1
Walkthru,1
turnaround,1
subsequent,1
dot,1
champ,1
bias,1
wishes,1
emerge!,1
devotion,1
ropes,1
synchronizing,1
Merlin,1
format,1
âš¡ğŸŒ,1
dj,1
quantğŸ¤˜ğŸ˜,1
clearer,1
moderation,1
"available,",1
call:,1
tooâ€¦,1
moreâ€¦,1
space!!,1
ğŸ¥³ğŸ™Œâœ¨ğŸ•Š,1
Cheers,1
vibes!!,1
ğŸ’¯ğŸŒˆğŸŒˆğŸŒˆ,1
incondicional,1
cOOOOOOOOOL!ğŸ¤©,1
t's,1
quanting,1
i's,1
"new-dao.js,",1
rinkeby,1
simplifying,1
3),1
ğŸ,1
fund!,1
"template,",1
"timeout,",1
undertaking,1
facing,1
Spiral,1
Dynamics,1
existence,1
hatcher's,1
recruit,1
hat/merch,1
voting!,1
whilst,1
multitasking,1
someone,1
https://twitter.com/owocki/status/1333842278578679809,1
